0
SECTION
2
HEADER
9
$ACADVER
1
AC1006
9
$EXTMIN
10
 -423.32
20
 -173.55
9
$EXTMAX
10
 -207.28
20
  -29.54
9
$INSUNITS
70
1
9
$MEASUREMENT
70
0
9
$ANGDIR
70
0
9
$LUNITS
70
2
0
ENDSEC
0
SECTION
2
TABLES
0
TABLE
2
LTYPE
70
3
0
LTYPE
2
CONTINUOUS
70
64
3
SOLID LINE
72
65
73
0
40
0.
0
LTYPE
2
DASHED
70
64
3
DASHED LINE
72
65
73
2
40
8.
49
5.
49
-3.
0
LTYPE
2
DOTTED
70
64
3
DOTTED LINE
72
65
73
2
40
4.
49
2.
49
-2.
0
ENDTAB
0
TABLE
2
LAYER
70
120
0
LAYER
2
C1
70
64
62
2
6
CONTINUOUS
0
LAYER
2
C2
70
64
62
2
6
CONTINUOUS
0
LAYER
2
C3
70
64
62
2
6
CONTINUOUS
0
LAYER
2
C4
70
64
62
2
6
CONTINUOUS
0
LAYER
2
C5
70
64
62
2
6
CONTINUOUS
0
LAYER
2
C6
70
64
62
2
6
CONTINUOUS
0
LAYER
2
C7
70
64
62
2
6
CONTINUOUS
0
LAYER
2
C8
70
64
62
2
6
CONTINUOUS
0
LAYER
2
C9
70
64
62
2
6
CONTINUOUS
0
LAYER
2
C10
70
64
62
2
6
CONTINUOUS
0
LAYER
2
F1
70
64
62
3
6
CONTINUOUS
0
LAYER
2
F2
70
64
62
3
6
CONTINUOUS
0
LAYER
2
F3
70
64
62
3
6
CONTINUOUS
0
LAYER
2
F4
70
64
62
3
6
CONTINUOUS
0
LAYER
2
F5
70
64
62
3
6
CONTINUOUS
0
LAYER
2
F6
70
64
62
3
6
CONTINUOUS
0
LAYER
2
F7
70
64
62
3
6
CONTINUOUS
0
LAYER
2
F8
70
64
62
3
6
CONTINUOUS
0
LAYER
2
F9
70
64
62
3
6
CONTINUOUS
0
LAYER
2
F10
70
64
62
3
6
CONTINUOUS
0
LAYER
2
R1
70
64
62
4
6
CONTINUOUS
0
LAYER
2
R2
70
64
62
4
6
CONTINUOUS
0
LAYER
2
R3
70
64
62
4
6
CONTINUOUS
0
LAYER
2
R4
70
64
62
4
6
CONTINUOUS
0
LAYER
2
R5
70
64
62
4
6
CONTINUOUS
0
LAYER
2
R6
70
64
62
4
6
CONTINUOUS
0
LAYER
2
R7
70
64
62
4
6
CONTINUOUS
0
LAYER
2
R8
70
64
62
4
6
CONTINUOUS
0
LAYER
2
R9
70
64
62
4
6
CONTINUOUS
0
LAYER
2
R10
70
64
62
4
6
CONTINUOUS
0
LAYER
2
W1
70
64
62
5
6
CONTINUOUS
0
LAYER
2
W2
70
64
62
5
6
CONTINUOUS
0
LAYER
2
W3
70
64
62
5
6
CONTINUOUS
0
LAYER
2
W4
70
64
62
5
6
CONTINUOUS
0
LAYER
2
W5
70
64
62
5
6
CONTINUOUS
0
LAYER
2
W6
70
64
62
5
6
CONTINUOUS
0
LAYER
2
W7
70
64
62
5
6
CONTINUOUS
0
LAYER
2
W8
70
64
62
5
6
CONTINUOUS
0
LAYER
2
W9
70
64
62
5
6
CONTINUOUS
0
LAYER
2
W10
70
64
62
5
6
CONTINUOUS
0
LAYER
2
S1
70
64
62
6
6
CONTINUOUS
0
LAYER
2
S2
70
64
62
6
6
CONTINUOUS
0
LAYER
2
S3
70
64
62
6
6
CONTINUOUS
0
LAYER
2
S4
70
64
62
6
6
CONTINUOUS
0
LAYER
2
S5
70
64
62
6
6
CONTINUOUS
0
LAYER
2
S6
70
64
62
6
6
CONTINUOUS
0
LAYER
2
S7
70
64
62
6
6
CONTINUOUS
0
LAYER
2
S8
70
64
62
6
6
CONTINUOUS
0
LAYER
2
S9
70
64
62
6
6
CONTINUOUS
0
LAYER
2
S10
70
64
62
6
6
CONTINUOUS
0
LAYER
2
RT1
70
64
62
7
6
CONTINUOUS
0
LAYER
2
RT2
70
64
62
7
6
CONTINUOUS
0
LAYER
2
RT3
70
64
62
7
6
CONTINUOUS
0
LAYER
2
RT4
70
64
62
7
6
CONTINUOUS
0
LAYER
2
RT5
70
64
62
7
6
CONTINUOUS
0
LAYER
2
RT6
70
64
62
7
6
CONTINUOUS
0
LAYER
2
RT7
70
64
62
7
6
CONTINUOUS
0
LAYER
2
RT8
70
64
62
7
6
CONTINUOUS
0
LAYER
2
RT9
70
64
62
7
6
CONTINUOUS
0
LAYER
2
RT10
70
64
62
7
6
CONTINUOUS
0
LAYER
2
FT1
70
64
62
8
6
CONTINUOUS
0
LAYER
2
FT2
70
64
62
8
6
CONTINUOUS
0
LAYER
2
FT3
70
64
62
8
6
CONTINUOUS
0
LAYER
2
FT4
70
64
62
8
6
CONTINUOUS
0
LAYER
2
FT5
70
64
62
8
6
CONTINUOUS
0
LAYER
2
FT6
70
64
62
8
6
CONTINUOUS
0
LAYER
2
FT7
70
64
62
8
6
CONTINUOUS
0
LAYER
2
FT8
70
64
62
8
6
CONTINUOUS
0
LAYER
2
FT9
70
64
62
8
6
CONTINUOUS
0
LAYER
2
FT10
70
64
62
8
6
CONTINUOUS
0
LAYER
2
n1
70
64
62
9
6
CONTINUOUS
0
LAYER
2
n2
70
64
62
9
6
CONTINUOUS
0
LAYER
2
n3
70
64
62
9
6
CONTINUOUS
0
LAYER
2
n4
70
64
62
9
6
CONTINUOUS
0
LAYER
2
n5
70
64
62
9
6
CONTINUOUS
0
LAYER
2
n6
70
64
62
9
6
CONTINUOUS
0
LAYER
2
n7
70
64
62
9
6
CONTINUOUS
0
LAYER
2
n8
70
64
62
9
6
CONTINUOUS
0
LAYER
2
n9
70
64
62
9
6
CONTINUOUS
0
LAYER
2
n10
70
64
62
9
6
CONTINUOUS
0
ENDTAB
0
ENDSEC
0
SECTION
2
ENTITIES
0
3DFACE
8
W1
10
  -306.85
20
   -57.04
30
     0.00
11
  -399.29
21
   -57.04
31
     0.00
12
  -399.29
22
   -53.54
32
     0.00
13
  -306.85
23
   -53.54
33
     0.00
999
W-4
0
3DFACE
8
W1
10
  -306.85
20
   -57.04
30
     1.50
11
  -399.29
21
   -57.04
31
     1.50
12
  -399.29
22
   -57.04
32
     0.00
13
  -306.85
23
   -57.04
33
     0.00
999
W-4
0
3DFACE
8
W1
10
  -399.29
20
   -53.54
30
     1.50
11
  -306.85
21
   -53.54
31
     1.50
12
  -306.85
22
   -53.54
32
     0.00
13
  -399.29
23
   -53.54
33
     0.00
999
W-4
0
3DFACE
8
W1
10
  -399.29
20
   -57.04
30
     0.00
11
  -399.29
21
   -57.04
31
   127.07
12
  -399.29
22
   -53.54
32
   127.07
13
  -399.29
23
   -53.54
33
     0.00
999
W-4
0
3DFACE
8
W1
10
  -397.79
20
   -57.04
30
     0.00
11
  -397.79
21
   -57.04
31
   127.07
12
  -399.29
22
   -57.04
32
   127.07
13
  -399.29
23
   -57.04
33
     0.00
999
W-4
0
3DFACE
8
W1
10
  -397.79
20
   -53.54
30
   127.07
11
  -397.79
21
   -53.54
31
     0.00
12
  -399.29
22
   -53.54
32
     0.00
13
  -399.29
23
   -53.54
33
   127.07
999
W-4
0
3DFACE
8
W1
10
  -399.29
20
   -57.04
30
   127.07
11
  -306.85
21
   -57.04
31
   173.29
12
  -306.85
22
   -53.54
32
   173.29
13
  -399.29
23
   -53.54
33
   127.07
999
W-4
0
3DFACE
8
W1
10
  -398.61
20
   -57.04
30
   125.72
11
  -306.18
21
   -57.04
31
   171.95
12
  -306.85
22
   -57.04
32
   173.29
13
  -399.29
23
   -57.04
33
   127.07
999
W-4
0
3DFACE
8
W1
10
  -306.18
20
   -53.54
30
   171.95
11
  -398.61
21
   -53.54
31
   125.72
12
  -399.29
22
   -53.54
32
   127.07
13
  -306.85
23
   -53.54
33
   173.29
999
W-4
0
3DFACE
8
W1
10
  -306.85
20
   -57.04
30
   173.29
11
  -306.85
21
   -57.04
31
     0.00
12
  -306.85
22
   -53.54
32
     0.00
13
  -306.85
23
   -53.54
33
   173.29
999
W-4
0
3DFACE
8
W1
10
  -308.35
20
   -57.04
30
   173.29
11
  -308.35
21
   -57.04
31
     0.00
12
  -306.85
22
   -57.04
32
     0.00
13
  -306.85
23
   -57.04
33
   173.29
999
W-4
0
3DFACE
8
W1
10
  -308.35
20
   -53.54
30
     0.00
11
  -308.35
21
   -53.54
31
   173.29
12
  -306.85
22
   -53.54
32
   173.29
13
  -306.85
23
   -53.54
33
     0.00
999
W-4
0
3DFACE
8
W1
10
  -395.79
20
   -57.04
30
     0.00
11
  -395.79
21
   -57.04
31
   128.82
12
  -395.79
22
   -53.54
32
   128.82
13
  -395.79
23
   -53.54
33
     0.00
999
W-4
0
3DFACE
8
W1
10
  -394.29
20
   -57.04
30
     0.00
11
  -394.29
21
   -57.04
31
   128.82
12
  -395.79
22
   -57.04
32
   128.82
13
  -395.79
23
   -57.04
33
     0.00
999
W-4
0
3DFACE
8
W1
10
  -394.29
20
   -53.54
30
   128.82
11
  -394.29
21
   -53.54
31
     0.00
12
  -395.79
22
   -53.54
32
     0.00
13
  -395.79
23
   -53.54
33
   128.82
999
W-4
0
3DFACE
8
W1
10
  -329.08
20
   -57.04
30
   162.17
11
  -329.08
21
   -57.04
31
     0.00
12
  -329.08
22
   -53.54
32
     0.00
13
  -329.08
23
   -53.54
33
   162.17
999
W-4
0
3DFACE
8
W1
10
  -330.58
20
   -57.04
30
   162.17
11
  -330.58
21
   -57.04
31
     0.00
12
  -329.08
22
   -57.04
32
     0.00
13
  -329.08
23
   -57.04
33
   162.17
999
W-4
0
3DFACE
8
W1
10
  -330.58
20
   -53.54
30
     0.00
11
  -330.58
21
   -53.54
31
   162.17
12
  -329.08
22
   -53.54
32
   162.17
13
  -329.08
23
   -53.54
33
     0.00
999
W-4
0
3DFACE
8
W1
10
  -351.32
20
   -57.04
30
   151.05
11
  -351.32
21
   -57.04
31
     0.00
12
  -351.32
22
   -53.54
32
     0.00
13
  -351.32
23
   -53.54
33
   151.05
999
W-4
0
3DFACE
8
W1
10
  -352.82
20
   -57.04
30
   151.05
11
  -352.82
21
   -57.04
31
     0.00
12
  -351.32
22
   -57.04
32
     0.00
13
  -351.32
23
   -57.04
33
   151.05
999
W-4
0
3DFACE
8
W1
10
  -352.82
20
   -53.54
30
     0.00
11
  -352.82
21
   -53.54
31
   151.05
12
  -351.32
22
   -53.54
32
   151.05
13
  -351.32
23
   -53.54
33
     0.00
999
W-4
0
3DFACE
8
W1
10
  -373.55
20
   -57.04
30
   139.94
11
  -373.55
21
   -57.04
31
     0.00
12
  -373.55
22
   -53.54
32
     0.00
13
  -373.55
23
   -53.54
33
   139.94
999
W-4
0
3DFACE
8
W1
10
  -375.05
20
   -57.04
30
   139.94
11
  -375.05
21
   -57.04
31
     0.00
12
  -373.55
22
   -57.04
32
     0.00
13
  -373.55
23
   -57.04
33
   139.94
999
W-4
0
3DFACE
8
W1
10
  -375.05
20
   -53.54
30
     0.00
11
  -375.05
21
   -53.54
31
   139.94
12
  -373.55
22
   -53.54
32
   139.94
13
  -373.55
23
   -53.54
33
     0.00
999
W-4
0
3DFACE
8
W1
10
  -329.08
20
   -57.04
30
    43.32
11
  -306.85
21
   -57.04
31
    43.32
12
  -306.85
22
   -53.54
32
    43.32
13
  -329.08
23
   -53.54
33
    43.32
999
W-4
0
3DFACE
8
W1
10
  -329.08
20
   -57.04
30
    41.82
11
  -306.85
21
   -57.04
31
    41.82
12
  -306.85
22
   -57.04
32
    43.32
13
  -329.08
23
   -57.04
33
    43.32
999
W-4
0
3DFACE
8
W1
10
  -306.85
20
   -53.54
30
    41.82
11
  -329.08
21
   -53.54
31
    41.82
12
  -329.08
22
   -53.54
32
    43.32
13
  -306.85
23
   -53.54
33
    43.32
999
W-4
0
3DFACE
8
W1
10
  -351.32
20
   -57.04
30
    43.32
11
  -329.08
21
   -57.04
31
    43.32
12
  -329.08
22
   -53.54
32
    43.32
13
  -351.32
23
   -53.54
33
    43.32
999
W-4
0
3DFACE
8
W1
10
  -351.32
20
   -57.04
30
    41.82
11
  -329.08
21
   -57.04
31
    41.82
12
  -329.08
22
   -57.04
32
    43.32
13
  -351.32
23
   -57.04
33
    43.32
999
W-4
0
3DFACE
8
W1
10
  -329.08
20
   -53.54
30
    41.82
11
  -351.32
21
   -53.54
31
    41.82
12
  -351.32
22
   -53.54
32
    43.32
13
  -329.08
23
   -53.54
33
    43.32
999
W-4
0
3DFACE
8
W1
10
  -373.55
20
   -57.04
30
    43.32
11
  -351.32
21
   -57.04
31
    43.32
12
  -351.32
22
   -53.54
32
    43.32
13
  -373.55
23
   -53.54
33
    43.32
999
W-4
0
3DFACE
8
W1
10
  -373.55
20
   -57.04
30
    41.82
11
  -351.32
21
   -57.04
31
    41.82
12
  -351.32
22
   -57.04
32
    43.32
13
  -373.55
23
   -57.04
33
    43.32
999
W-4
0
3DFACE
8
W1
10
  -351.32
20
   -53.54
30
    41.82
11
  -373.55
21
   -53.54
31
    41.82
12
  -373.55
22
   -53.54
32
    43.32
13
  -351.32
23
   -53.54
33
    43.32
999
W-4
0
3DFACE
8
W1
10
  -395.79
20
   -57.04
30
    43.32
11
  -373.55
21
   -57.04
31
    43.32
12
  -373.55
22
   -53.54
32
    43.32
13
  -395.79
23
   -53.54
33
    43.32
999
W-4
0
3DFACE
8
W1
10
  -395.79
20
   -57.04
30
    41.82
11
  -373.55
21
   -57.04
31
    41.82
12
  -373.55
22
   -57.04
32
    43.32
13
  -395.79
23
   -57.04
33
    43.32
999
W-4
0
3DFACE
8
W1
10
  -373.55
20
   -53.54
30
    41.82
11
  -395.79
21
   -53.54
31
    41.82
12
  -395.79
22
   -53.54
32
    43.32
13
  -373.55
23
   -53.54
33
    43.32
999
W-4
0
3DFACE
8
W1
10
  -399.29
20
   -57.04
30
    43.32
11
  -395.79
21
   -57.04
31
    43.32
12
  -395.79
22
   -53.54
32
    43.32
13
  -399.29
23
   -53.54
33
    43.32
999
W-4
0
3DFACE
8
W1
10
  -399.29
20
   -57.04
30
    41.82
11
  -395.79
21
   -57.04
31
    41.82
12
  -395.79
22
   -57.04
32
    43.32
13
  -399.29
23
   -57.04
33
    43.32
999
W-4
0
3DFACE
8
W1
10
  -395.79
20
   -53.54
30
    41.82
11
  -399.29
21
   -53.54
31
    41.82
12
  -399.29
22
   -53.54
32
    43.32
13
  -395.79
23
   -53.54
33
    43.32
999
W-4
0
3DFACE
8
W1
10
  -329.08
20
   -57.04
30
    86.65
11
  -306.85
21
   -57.04
31
    86.65
12
  -306.85
22
   -53.54
32
    86.65
13
  -329.08
23
   -53.54
33
    86.65
999
W-4
0
3DFACE
8
W1
10
  -329.08
20
   -57.04
30
    85.15
11
  -306.85
21
   -57.04
31
    85.15
12
  -306.85
22
   -57.04
32
    86.65
13
  -329.08
23
   -57.04
33
    86.65
999
W-4
0
3DFACE
8
W1
10
  -306.85
20
   -53.54
30
    85.15
11
  -329.08
21
   -53.54
31
    85.15
12
  -329.08
22
   -53.54
32
    86.65
13
  -306.85
23
   -53.54
33
    86.65
999
W-4
0
3DFACE
8
W1
10
  -351.32
20
   -57.04
30
    86.65
11
  -329.08
21
   -57.04
31
    86.65
12
  -329.08
22
   -53.54
32
    86.65
13
  -351.32
23
   -53.54
33
    86.65
999
W-4
0
3DFACE
8
W1
10
  -351.32
20
   -57.04
30
    85.15
11
  -329.08
21
   -57.04
31
    85.15
12
  -329.08
22
   -57.04
32
    86.65
13
  -351.32
23
   -57.04
33
    86.65
999
W-4
0
3DFACE
8
W1
10
  -329.08
20
   -53.54
30
    85.15
11
  -351.32
21
   -53.54
31
    85.15
12
  -351.32
22
   -53.54
32
    86.65
13
  -329.08
23
   -53.54
33
    86.65
999
W-4
0
3DFACE
8
W1
10
  -373.55
20
   -57.04
30
    86.65
11
  -351.32
21
   -57.04
31
    86.65
12
  -351.32
22
   -53.54
32
    86.65
13
  -373.55
23
   -53.54
33
    86.65
999
W-4
0
3DFACE
8
W1
10
  -373.55
20
   -57.04
30
    85.15
11
  -351.32
21
   -57.04
31
    85.15
12
  -351.32
22
   -57.04
32
    86.65
13
  -373.55
23
   -57.04
33
    86.65
999
W-4
0
3DFACE
8
W1
10
  -351.32
20
   -53.54
30
    85.15
11
  -373.55
21
   -53.54
31
    85.15
12
  -373.55
22
   -53.54
32
    86.65
13
  -351.32
23
   -53.54
33
    86.65
999
W-4
0
3DFACE
8
W1
10
  -395.79
20
   -57.04
30
    86.65
11
  -373.55
21
   -57.04
31
    86.65
12
  -373.55
22
   -53.54
32
    86.65
13
  -395.79
23
   -53.54
33
    86.65
999
W-4
0
3DFACE
8
W1
10
  -395.79
20
   -57.04
30
    85.15
11
  -373.55
21
   -57.04
31
    85.15
12
  -373.55
22
   -57.04
32
    86.65
13
  -395.79
23
   -57.04
33
    86.65
999
W-4
0
3DFACE
8
W1
10
  -373.55
20
   -53.54
30
    85.15
11
  -395.79
21
   -53.54
31
    85.15
12
  -395.79
22
   -53.54
32
    86.65
13
  -373.55
23
   -53.54
33
    86.65
999
W-4
0
3DFACE
8
W1
10
  -373.55
20
   -57.04
30
    86.71
11
  -395.79
21
   -57.04
31
    86.71
12
  -395.79
22
   -53.54
32
    86.71
13
  -373.55
23
   -53.54
33
    86.71
999
W-4
0
3DFACE
8
W1
10
  -373.55
20
   -57.04
30
    88.21
11
  -395.79
21
   -57.04
31
    88.21
12
  -395.79
22
   -57.04
32
    86.71
13
  -373.55
23
   -57.04
33
    86.71
999
W-4
0
3DFACE
8
W1
10
  -395.79
20
   -53.54
30
    88.21
11
  -373.55
21
   -53.54
31
    88.21
12
  -373.55
22
   -53.54
32
    86.71
13
  -395.79
23
   -53.54
33
    86.71
999
W-4
0
3DFACE
8
W1
10
  -399.29
20
   -57.04
30
    86.65
11
  -395.79
21
   -57.04
31
    86.65
12
  -395.79
22
   -53.54
32
    86.65
13
  -399.29
23
   -53.54
33
    86.65
999
W-4
0
3DFACE
8
W1
10
  -399.29
20
   -57.04
30
    85.15
11
  -395.79
21
   -57.04
31
    85.15
12
  -395.79
22
   -57.04
32
    86.65
13
  -399.29
23
   -57.04
33
    86.65
999
W-4
0
3DFACE
8
W1
10
  -395.79
20
   -53.54
30
    85.15
11
  -399.29
21
   -53.54
31
    85.15
12
  -399.29
22
   -53.54
32
    86.65
13
  -395.79
23
   -53.54
33
    86.65
999
W-4
0
3DFACE
8
W1
10
  -329.08
20
   -57.04
30
   129.97
11
  -306.85
21
   -57.04
31
   129.97
12
  -306.85
22
   -53.54
32
   129.97
13
  -329.08
23
   -53.54
33
   129.97
999
W-4
0
3DFACE
8
W1
10
  -329.08
20
   -57.04
30
   128.47
11
  -306.85
21
   -57.04
31
   128.47
12
  -306.85
22
   -57.04
32
   129.97
13
  -329.08
23
   -57.04
33
   129.97
999
W-4
0
3DFACE
8
W1
10
  -306.85
20
   -53.54
30
   128.47
11
  -329.08
21
   -53.54
31
   128.47
12
  -329.08
22
   -53.54
32
   129.97
13
  -306.85
23
   -53.54
33
   129.97
999
W-4
0
3DFACE
8
W1
10
  -351.32
20
   -57.04
30
   129.97
11
  -329.08
21
   -57.04
31
   129.97
12
  -329.08
22
   -53.54
32
   129.97
13
  -351.32
23
   -53.54
33
   129.97
999
W-4
0
3DFACE
8
W1
10
  -351.32
20
   -57.04
30
   128.47
11
  -329.08
21
   -57.04
31
   128.47
12
  -329.08
22
   -57.04
32
   129.97
13
  -351.32
23
   -57.04
33
   129.97
999
W-4
0
3DFACE
8
W1
10
  -329.08
20
   -53.54
30
   128.47
11
  -351.32
21
   -53.54
31
   128.47
12
  -351.32
22
   -53.54
32
   129.97
13
  -329.08
23
   -53.54
33
   129.97
999
W-4
0
3DFACE
8
W1
10
  -373.55
20
   -57.04
30
   129.97
11
  -351.32
21
   -57.04
31
   129.97
12
  -351.32
22
   -53.54
32
   129.97
13
  -373.55
23
   -53.54
33
   129.97
999
W-4
0
3DFACE
8
W1
10
  -373.55
20
   -57.04
30
   128.47
11
  -351.32
21
   -57.04
31
   128.47
12
  -351.32
22
   -57.04
32
   129.97
13
  -373.55
23
   -57.04
33
   129.97
999
W-4
0
3DFACE
8
W1
10
  -351.32
20
   -53.54
30
   128.47
11
  -373.55
21
   -53.54
31
   128.47
12
  -373.55
22
   -53.54
32
   129.97
13
  -351.32
23
   -53.54
33
   129.97
999
W-4
0
3DFACE
8
W1
10
  -375.53
20
   -57.04
30
   138.94
11
  -392.67
21
   -57.04
31
    86.71
12
  -392.67
22
   -53.54
32
    86.71
13
  -375.53
23
   -53.54
33
   138.94
999
W-4
0
3DFACE
8
W1
10
  -376.96
20
   -57.04
30
   139.41
11
  -394.09
21
   -57.04
31
    87.18
12
  -392.67
22
   -57.04
32
    86.71
13
  -375.53
23
   -57.04
33
   138.94
999
W-4
0
3DFACE
8
W1
10
  -394.09
20
   -53.54
30
    87.18
11
  -376.96
21
   -53.54
31
   139.41
12
  -375.53
22
   -53.54
32
   138.94
13
  -392.67
23
   -53.54
33
    86.71
999
W-4
0
3DFACE
8
W1
10
  -392.67
20
   -57.04
30
    86.65
11
  -373.55
21
   -57.04
31
    43.93
12
  -373.55
22
   -53.54
32
    43.93
13
  -392.67
23
   -53.54
33
    86.65
999
W-4
0
3DFACE
8
W1
10
  -394.04
20
   -57.04
30
    86.03
11
  -374.92
21
   -57.04
31
    43.32
12
  -373.55
22
   -57.04
32
    43.93
13
  -392.67
23
   -57.04
33
    86.65
999
W-4
0
3DFACE
8
W1
10
  -374.92
20
   -53.54
30
    43.32
11
  -394.04
21
   -53.54
31
    86.03
12
  -392.67
22
   -53.54
32
    86.65
13
  -373.55
23
   -53.54
33
    43.93
999
W-4
0
3DFACE
8
W1
10
  -375.21
20
   -57.04
30
    43.32
11
  -392.67
21
   -57.04
31
     0.00
12
  -392.67
22
   -53.54
32
     0.00
13
  -375.21
23
   -53.54
33
    43.32
999
W-4
0
3DFACE
8
W1
10
  -376.60
20
   -57.04
30
    43.88
11
  -394.06
21
   -57.04
31
     0.56
12
  -392.67
22
   -57.04
32
     0.00
13
  -375.21
23
   -57.04
33
    43.32
999
W-4
0
3DFACE
8
W1
10
  -394.06
20
   -53.54
30
     0.56
11
  -376.60
21
   -53.54
31
    43.88
12
  -375.21
22
   -53.54
32
    43.32
13
  -392.67
23
   -53.54
33
     0.00
999
W-4
0
TEXT
8
W1t
10
 -353.07
20
  -57.04
30
  177.23
40
120
1
W-4
999
W-4
0
3DFACE
8
W1
10
  -234.79
20
  -145.98
30
     0.00
11
  -234.79
21
   -29.54
31
     0.00
12
  -231.29
22
   -29.54
32
     0.00
13
  -231.29
23
  -145.98
33
     0.00
999
W-1
0
3DFACE
8
W1
10
  -234.79
20
  -145.98
30
     1.50
11
  -234.79
21
   -29.54
31
     1.50
12
  -234.79
22
   -29.54
32
     0.00
13
  -234.79
23
  -145.98
33
     0.00
999
W-1
0
3DFACE
8
W1
10
  -231.29
20
   -29.54
30
     1.50
11
  -231.29
21
  -145.98
31
     1.50
12
  -231.29
22
  -145.98
32
     0.00
13
  -231.29
23
   -29.54
33
     0.00
999
W-1
0
3DFACE
8
W1
10
  -234.79
20
   -29.54
30
     0.00
11
  -234.79
21
   -29.54
31
   115.56
12
  -231.29
22
   -29.54
32
   115.56
13
  -231.29
23
   -29.54
33
     0.00
999
W-1
0
3DFACE
8
W1
10
  -234.79
20
   -31.04
30
     0.00
11
  -234.79
21
   -31.04
31
   115.56
12
  -234.79
22
   -29.54
32
   115.56
13
  -234.79
23
   -29.54
33
     0.00
999
W-1
0
3DFACE
8
W1
10
  -231.29
20
   -31.04
30
   115.56
11
  -231.29
21
   -31.04
31
     0.00
12
  -231.29
22
   -29.54
32
     0.00
13
  -231.29
23
   -29.54
33
   115.56
999
W-1
0
3DFACE
8
W1
10
  -234.79
20
   -29.54
30
   115.56
11
  -234.79
21
  -145.98
31
   115.56
12
  -231.29
22
  -145.98
32
   115.56
13
  -231.29
23
   -29.54
33
   115.56
999
W-1
0
3DFACE
8
W1
10
  -234.79
20
   -29.54
30
   114.06
11
  -234.79
21
  -145.98
31
   114.06
12
  -234.79
22
  -145.98
32
   115.56
13
  -234.79
23
   -29.54
33
   115.56
999
W-1
0
3DFACE
8
W1
10
  -231.29
20
  -145.98
30
   114.06
11
  -231.29
21
   -29.54
31
   114.06
12
  -231.29
22
   -29.54
32
   115.56
13
  -231.29
23
  -145.98
33
   115.56
999
W-1
0
3DFACE
8
W1
10
  -234.79
20
  -145.98
30
   115.56
11
  -234.79
21
  -145.98
31
     0.00
12
  -231.29
22
  -145.98
32
     0.00
13
  -231.29
23
  -145.98
33
   115.56
999
W-1
0
3DFACE
8
W1
10
  -234.79
20
  -144.48
30
   115.56
11
  -234.79
21
  -144.48
31
     0.00
12
  -234.79
22
  -145.98
32
     0.00
13
  -234.79
23
  -145.98
33
   115.56
999
W-1
0
3DFACE
8
W1
10
  -231.29
20
  -144.48
30
     0.00
11
  -231.29
21
  -144.48
31
   115.56
12
  -231.29
22
  -145.98
32
   115.56
13
  -231.29
23
  -145.98
33
     0.00
999
W-1
0
3DFACE
8
W1
10
  -234.79
20
   -83.48
30
   115.56
11
  -234.79
21
   -83.48
31
     0.00
12
  -231.29
22
   -83.48
32
     0.00
13
  -231.29
23
   -83.48
33
   115.56
999
W-1
0
3DFACE
8
W1
10
  -234.79
20
   -81.98
30
   115.56
11
  -234.79
21
   -81.98
31
     0.00
12
  -234.79
22
   -83.48
32
     0.00
13
  -234.79
23
   -83.48
33
   115.56
999
W-1
0
3DFACE
8
W1
10
  -231.29
20
   -81.98
30
     0.00
11
  -231.29
21
   -81.98
31
   115.56
12
  -231.29
22
   -83.48
32
   115.56
13
  -231.29
23
   -83.48
33
     0.00
999
W-1
0
3DFACE
8
W1
10
  -234.79
20
  -119.48
30
    79.00
11
  -234.79
21
   -83.48
31
    79.00
12
  -231.29
22
   -83.48
32
    79.00
13
  -231.29
23
  -119.48
33
    79.00
999
W-1
0
3DFACE
8
W1
10
  -234.79
20
  -119.48
30
    80.50
11
  -234.79
21
   -83.48
31
    80.50
12
  -234.79
22
   -83.48
32
    79.00
13
  -234.79
23
  -119.48
33
    79.00
999
W-1
0
3DFACE
8
W1
10
  -231.29
20
   -83.48
30
    80.50
11
  -231.29
21
  -119.48
31
    80.50
12
  -231.29
22
  -119.48
32
    79.00
13
  -231.29
23
   -83.48
33
    79.00
999
W-1
0
3DFACE
8
W1
10
  -234.79
20
  -119.48
30
     0.00
11
  -234.79
21
  -119.48
31
   115.56
12
  -231.29
22
  -119.48
32
   115.56
13
  -231.29
23
  -119.48
33
     0.00
999
W-1
0
3DFACE
8
W1
10
  -234.79
20
  -120.98
30
     0.00
11
  -234.79
21
  -120.98
31
   115.56
12
  -234.79
22
  -119.48
32
   115.56
13
  -234.79
23
  -119.48
33
     0.00
999
W-1
0
3DFACE
8
W1
10
  -231.29
20
  -120.98
30
   115.56
11
  -231.29
21
  -120.98
31
     0.00
12
  -231.29
22
  -119.48
32
     0.00
13
  -231.29
23
  -119.48
33
   115.56
999
W-1
0
3DFACE
8
W1
10
  -234.79
20
   -33.04
30
     0.00
11
  -234.79
21
   -33.04
31
   115.56
12
  -231.29
22
   -33.04
32
   115.56
13
  -231.29
23
   -33.04
33
     0.00
999
W-1
0
3DFACE
8
W1
10
  -234.79
20
   -34.54
30
     0.00
11
  -234.79
21
   -34.54
31
   115.56
12
  -234.79
22
   -33.04
32
   115.56
13
  -234.79
23
   -33.04
33
     0.00
999
W-1
0
3DFACE
8
W1
10
  -231.29
20
   -34.54
30
   115.56
11
  -231.29
21
   -34.54
31
     0.00
12
  -231.29
22
   -33.04
32
     0.00
13
  -231.29
23
   -33.04
33
   115.56
999
W-1
0
3DFACE
8
W1
10
  -234.79
20
  -124.54
30
   115.56
11
  -234.79
21
  -124.54
31
     0.00
12
  -231.29
22
  -124.54
32
     0.00
13
  -231.29
23
  -124.54
33
   115.56
999
W-1
0
3DFACE
8
W1
10
  -234.79
20
  -123.04
30
   115.56
11
  -234.79
21
  -123.04
31
     0.00
12
  -234.79
22
  -124.54
32
     0.00
13
  -234.79
23
  -124.54
33
   115.56
999
W-1
0
3DFACE
8
W1
10
  -231.29
20
  -123.04
30
     0.00
11
  -231.29
21
  -123.04
31
   115.56
12
  -231.29
22
  -124.54
32
   115.56
13
  -231.29
23
  -124.54
33
     0.00
999
W-1
0
3DFACE
8
W1
10
  -234.79
20
  -100.48
30
   115.56
11
  -234.79
21
  -100.48
31
    91.06
12
  -231.29
22
  -100.48
32
    91.06
13
  -231.29
23
  -100.48
33
   115.56
999
W-1
0
3DFACE
8
W1
10
  -234.79
20
   -98.98
30
   115.56
11
  -234.79
21
   -98.98
31
    91.06
12
  -234.79
22
  -100.48
32
    91.06
13
  -234.79
23
  -100.48
33
   115.56
999
W-1
0
3DFACE
8
W1
10
  -231.29
20
   -98.98
30
    91.06
11
  -231.29
21
   -98.98
31
   115.56
12
  -231.29
22
  -100.48
32
   115.56
13
  -231.29
23
  -100.48
33
    91.06
999
W-1
0
3DFACE
8
W1
10
  -234.79
20
   -76.54
30
   115.56
11
  -234.79
21
   -76.54
31
     0.00
12
  -231.29
22
   -76.54
32
     0.00
13
  -231.29
23
   -76.54
33
   115.56
999
W-1
0
3DFACE
8
W1
10
  -234.79
20
   -75.04
30
   115.56
11
  -234.79
21
   -75.04
31
     0.00
12
  -234.79
22
   -76.54
32
     0.00
13
  -234.79
23
   -76.54
33
   115.56
999
W-1
0
3DFACE
8
W1
10
  -231.29
20
   -75.04
30
     0.00
11
  -231.29
21
   -75.04
31
   115.56
12
  -231.29
22
   -76.54
32
   115.56
13
  -231.29
23
   -76.54
33
     0.00
999
W-1
0
3DFACE
8
W1
10
  -234.79
20
   -52.54
30
   115.56
11
  -234.79
21
   -52.54
31
     0.00
12
  -231.29
22
   -52.54
32
     0.00
13
  -231.29
23
   -52.54
33
   115.56
999
W-1
0
3DFACE
8
W1
10
  -234.79
20
   -51.04
30
   115.56
11
  -234.79
21
   -51.04
31
     0.00
12
  -234.79
22
   -52.54
32
     0.00
13
  -234.79
23
   -52.54
33
   115.56
999
W-1
0
3DFACE
8
W1
10
  -231.29
20
   -51.04
30
     0.00
11
  -231.29
21
   -51.04
31
   115.56
12
  -231.29
22
   -52.54
32
   115.56
13
  -231.29
23
   -52.54
33
     0.00
999
W-1
0
3DFACE
8
W1
10
  -234.79
20
  -119.42
30
   115.56
11
  -234.79
21
  -119.42
31
    79.00
12
  -231.29
22
  -119.42
32
    79.00
13
  -231.29
23
  -119.42
33
   115.56
999
W-1
0
3DFACE
8
W1
10
  -234.79
20
  -117.92
30
   115.56
11
  -234.79
21
  -117.92
31
    79.00
12
  -234.79
22
  -119.42
32
    79.00
13
  -234.79
23
  -119.42
33
   115.56
999
W-1
0
3DFACE
8
W1
10
  -231.29
20
  -117.92
30
    79.00
11
  -231.29
21
  -117.92
31
   115.56
12
  -231.29
22
  -119.42
32
   115.56
13
  -231.29
23
  -119.42
33
    79.00
999
W-1
0
3DFACE
8
W1
10
  -234.79
20
   -83.54
30
    79.00
11
  -234.79
21
   -83.54
31
   115.56
12
  -231.29
22
   -83.54
32
   115.56
13
  -231.29
23
   -83.54
33
    79.00
999
W-1
0
3DFACE
8
W1
10
  -234.79
20
   -85.04
30
    79.00
11
  -234.79
21
   -85.04
31
   115.56
12
  -234.79
22
   -83.54
32
   115.56
13
  -234.79
23
   -83.54
33
    79.00
999
W-1
0
3DFACE
8
W1
10
  -231.29
20
   -85.04
30
   115.56
11
  -231.29
21
   -85.04
31
    79.00
12
  -231.29
22
   -83.54
32
    79.00
13
  -231.29
23
   -83.54
33
   115.56
999
W-1
0
3DFACE
8
W1
10
  -234.79
20
  -119.42
30
    91.06
11
  -234.79
21
   -83.54
31
    91.06
12
  -231.29
22
   -83.54
32
    91.06
13
  -231.29
23
  -119.42
33
    91.06
999
W-1
0
3DFACE
8
W1
10
  -234.79
20
  -119.42
30
    92.56
11
  -234.79
21
   -83.54
31
    92.56
12
  -234.79
22
   -83.54
32
    91.06
13
  -234.79
23
  -119.42
33
    91.06
999
W-1
0
3DFACE
8
W1
10
  -231.29
20
   -83.54
30
    92.56
11
  -231.29
21
  -119.42
31
    92.56
12
  -231.29
22
  -119.42
32
    91.06
13
  -231.29
23
   -83.54
33
    91.06
999
W-1
0
3DFACE
8
W1
10
  -234.79
20
   -83.54
30
    91.00
11
  -234.79
21
  -119.42
31
    91.00
12
  -231.29
22
  -119.42
32
    91.00
13
  -231.29
23
   -83.54
33
    91.00
999
W-1
0
3DFACE
8
W1
10
  -234.79
20
   -83.54
30
    89.50
11
  -234.79
21
  -119.42
31
    89.50
12
  -234.79
22
  -119.42
32
    91.00
13
  -234.79
23
   -83.54
33
    91.00
999
W-1
0
3DFACE
8
W1
10
  -231.29
20
  -119.42
30
    89.50
11
  -231.29
21
   -83.54
31
    89.50
12
  -231.29
22
   -83.54
32
    91.00
13
  -231.29
23
  -119.42
33
    91.00
999
W-1
0
3DFACE
8
W1
10
  -234.79
20
  -110.99
30
    91.00
11
  -234.79
21
  -117.45
31
    79.00
12
  -231.29
22
  -117.45
32
    79.00
13
  -231.29
23
  -110.99
33
    91.00
999
W-1
0
3DFACE
8
W1
10
  -234.79
20
  -109.67
30
    90.29
11
  -234.79
21
  -116.13
31
    78.29
12
  -234.79
22
  -117.45
32
    79.00
13
  -234.79
23
  -110.99
33
    91.00
999
W-1
0
3DFACE
8
W1
10
  -231.29
20
  -116.13
30
    78.29
11
  -231.29
21
  -109.67
31
    90.29
12
  -231.29
22
  -110.99
32
    91.00
13
  -231.29
23
  -117.45
33
    79.00
999
W-1
0
3DFACE
8
W1
10
  -234.79
20
  -101.54
30
    79.00
11
  -234.79
21
  -107.99
31
    91.00
12
  -231.29
22
  -107.99
32
    91.00
13
  -231.29
23
  -101.54
33
    79.00
999
W-1
0
3DFACE
8
W1
10
  -234.79
20
  -102.86
30
    78.29
11
  -234.79
21
  -109.32
31
    90.29
12
  -234.79
22
  -107.99
32
    91.00
13
  -234.79
23
  -101.54
33
    79.00
999
W-1
0
3DFACE
8
W1
10
  -231.29
20
  -109.32
30
    90.29
11
  -231.29
21
  -102.86
31
    78.29
12
  -231.29
22
  -101.54
32
    79.00
13
  -231.29
23
  -107.99
33
    91.00
999
W-1
0
3DFACE
8
W1
10
  -234.79
20
   -94.97
30
    91.00
11
  -234.79
21
  -101.42
31
    79.00
12
  -231.29
22
  -101.42
32
    79.00
13
  -231.29
23
   -94.97
33
    91.00
999
W-1
0
3DFACE
8
W1
10
  -234.79
20
   -93.65
30
    90.29
11
  -234.79
21
  -100.10
31
    78.29
12
  -234.79
22
  -101.42
32
    79.00
13
  -234.79
23
   -94.97
33
    91.00
999
W-1
0
3DFACE
8
W1
10
  -231.29
20
  -100.10
30
    78.29
11
  -231.29
21
   -93.65
31
    90.29
12
  -231.29
22
   -94.97
32
    91.00
13
  -231.29
23
  -101.42
33
    79.00
999
W-1
0
3DFACE
8
W1
10
  -234.79
20
   -85.52
30
    79.00
11
  -234.79
21
   -91.97
31
    91.00
12
  -231.29
22
   -91.97
32
    91.00
13
  -231.29
23
   -85.52
33
    79.00
999
W-1
0
3DFACE
8
W1
10
  -234.79
20
   -86.84
30
    78.29
11
  -234.79
21
   -93.29
31
    90.29
12
  -234.79
22
   -91.97
32
    91.00
13
  -234.79
23
   -85.52
33
    79.00
999
W-1
0
3DFACE
8
W1
10
  -231.29
20
   -93.29
30
    90.29
11
  -231.29
21
   -86.84
31
    78.29
12
  -231.29
22
   -85.52
32
    79.00
13
  -231.29
23
   -91.97
33
    91.00
999
W-1
0
3DFACE
8
W1
10
  -234.79
20
  -124.54
30
    38.52
11
  -234.79
21
  -145.98
31
    38.52
12
  -231.29
22
  -145.98
32
    38.52
13
  -231.29
23
  -124.54
33
    38.52
999
W-1
0
3DFACE
8
W1
10
  -234.79
20
  -124.54
30
    37.02
11
  -234.79
21
  -145.98
31
    37.02
12
  -234.79
22
  -145.98
32
    38.52
13
  -234.79
23
  -124.54
33
    38.52
999
W-1
0
3DFACE
8
W1
10
  -231.29
20
  -145.98
30
    37.02
11
  -231.29
21
  -124.54
31
    37.02
12
  -231.29
22
  -124.54
32
    38.52
13
  -231.29
23
  -145.98
33
    38.52
999
W-1
0
3DFACE
8
W1
10
  -234.79
20
  -119.48
30
    38.52
11
  -234.79
21
  -124.54
31
    38.52
12
  -231.29
22
  -124.54
32
    38.52
13
  -231.29
23
  -119.48
33
    38.52
999
W-1
0
3DFACE
8
W1
10
  -234.79
20
  -119.48
30
    37.02
11
  -234.79
21
  -124.54
31
    37.02
12
  -234.79
22
  -124.54
32
    38.52
13
  -234.79
23
  -119.48
33
    38.52
999
W-1
0
3DFACE
8
W1
10
  -231.29
20
  -124.54
30
    37.02
11
  -231.29
21
  -119.48
31
    37.02
12
  -231.29
22
  -119.48
32
    38.52
13
  -231.29
23
  -124.54
33
    38.52
999
W-1
0
3DFACE
8
W1
10
  -234.79
20
   -76.54
30
    38.52
11
  -234.79
21
   -83.48
31
    38.52
12
  -231.29
22
   -83.48
32
    38.52
13
  -231.29
23
   -76.54
33
    38.52
999
W-1
0
3DFACE
8
W1
10
  -234.79
20
   -76.54
30
    37.02
11
  -234.79
21
   -83.48
31
    37.02
12
  -234.79
22
   -83.48
32
    38.52
13
  -234.79
23
   -76.54
33
    38.52
999
W-1
0
3DFACE
8
W1
10
  -231.29
20
   -83.48
30
    37.02
11
  -231.29
21
   -76.54
31
    37.02
12
  -231.29
22
   -76.54
32
    38.52
13
  -231.29
23
   -83.48
33
    38.52
999
W-1
0
3DFACE
8
W1
10
  -234.79
20
   -52.54
30
    38.52
11
  -234.79
21
   -76.54
31
    38.52
12
  -231.29
22
   -76.54
32
    38.52
13
  -231.29
23
   -52.54
33
    38.52
999
W-1
0
3DFACE
8
W1
10
  -234.79
20
   -52.54
30
    37.02
11
  -234.79
21
   -76.54
31
    37.02
12
  -234.79
22
   -76.54
32
    38.52
13
  -234.79
23
   -52.54
33
    38.52
999
W-1
0
3DFACE
8
W1
10
  -231.29
20
   -76.54
30
    37.02
11
  -231.29
21
   -52.54
31
    37.02
12
  -231.29
22
   -52.54
32
    38.52
13
  -231.29
23
   -76.54
33
    38.52
999
W-1
0
3DFACE
8
W1
10
  -234.79
20
   -33.04
30
    38.52
11
  -234.79
21
   -52.54
31
    38.52
12
  -231.29
22
   -52.54
32
    38.52
13
  -231.29
23
   -33.04
33
    38.52
999
W-1
0
3DFACE
8
W1
10
  -234.79
20
   -33.04
30
    37.02
11
  -234.79
21
   -52.54
31
    37.02
12
  -234.79
22
   -52.54
32
    38.52
13
  -234.79
23
   -33.04
33
    38.52
999
W-1
0
3DFACE
8
W1
10
  -231.29
20
   -52.54
30
    37.02
11
  -231.29
21
   -33.04
31
    37.02
12
  -231.29
22
   -33.04
32
    38.52
13
  -231.29
23
   -52.54
33
    38.52
999
W-1
0
3DFACE
8
W1
10
  -234.79
20
   -29.54
30
    38.52
11
  -234.79
21
   -33.04
31
    38.52
12
  -231.29
22
   -33.04
32
    38.52
13
  -231.29
23
   -29.54
33
    38.52
999
W-1
0
3DFACE
8
W1
10
  -234.79
20
   -29.54
30
    37.02
11
  -234.79
21
   -33.04
31
    37.02
12
  -234.79
22
   -33.04
32
    38.52
13
  -234.79
23
   -29.54
33
    38.52
999
W-1
0
3DFACE
8
W1
10
  -231.29
20
   -33.04
30
    37.02
11
  -231.29
21
   -29.54
31
    37.02
12
  -231.29
22
   -29.54
32
    38.52
13
  -231.29
23
   -33.04
33
    38.52
999
W-1
0
3DFACE
8
W1
10
  -234.79
20
  -124.54
30
    77.04
11
  -234.79
21
  -145.98
31
    77.04
12
  -231.29
22
  -145.98
32
    77.04
13
  -231.29
23
  -124.54
33
    77.04
999
W-1
0
3DFACE
8
W1
10
  -234.79
20
  -124.54
30
    75.54
11
  -234.79
21
  -145.98
31
    75.54
12
  -234.79
22
  -145.98
32
    77.04
13
  -234.79
23
  -124.54
33
    77.04
999
W-1
0
3DFACE
8
W1
10
  -231.29
20
  -145.98
30
    75.54
11
  -231.29
21
  -124.54
31
    75.54
12
  -231.29
22
  -124.54
32
    77.04
13
  -231.29
23
  -145.98
33
    77.04
999
W-1
0
3DFACE
8
W1
10
  -234.79
20
  -145.98
30
    77.10
11
  -234.79
21
  -124.54
31
    77.10
12
  -231.29
22
  -124.54
32
    77.10
13
  -231.29
23
  -145.98
33
    77.10
999
W-1
0
3DFACE
8
W1
10
  -234.79
20
  -145.98
30
    78.60
11
  -234.79
21
  -124.54
31
    78.60
12
  -234.79
22
  -124.54
32
    77.10
13
  -234.79
23
  -145.98
33
    77.10
999
W-1
0
3DFACE
8
W1
10
  -231.29
20
  -124.54
30
    78.60
11
  -231.29
21
  -145.98
31
    78.60
12
  -231.29
22
  -145.98
32
    77.10
13
  -231.29
23
  -124.54
33
    77.10
999
W-1
0
3DFACE
8
W1
10
  -234.79
20
  -119.48
30
    77.04
11
  -234.79
21
  -124.54
31
    77.04
12
  -231.29
22
  -124.54
32
    77.04
13
  -231.29
23
  -119.48
33
    77.04
999
W-1
0
3DFACE
8
W1
10
  -234.79
20
  -119.48
30
    75.54
11
  -234.79
21
  -124.54
31
    75.54
12
  -234.79
22
  -124.54
32
    77.04
13
  -234.79
23
  -119.48
33
    77.04
999
W-1
0
3DFACE
8
W1
10
  -231.29
20
  -124.54
30
    75.54
11
  -231.29
21
  -119.48
31
    75.54
12
  -231.29
22
  -119.48
32
    77.04
13
  -231.29
23
  -124.54
33
    77.04
999
W-1
0
3DFACE
8
W1
10
  -234.79
20
   -76.54
30
    77.04
11
  -234.79
21
   -83.48
31
    77.04
12
  -231.29
22
   -83.48
32
    77.04
13
  -231.29
23
   -76.54
33
    77.04
999
W-1
0
3DFACE
8
W1
10
  -234.79
20
   -76.54
30
    75.54
11
  -234.79
21
   -83.48
31
    75.54
12
  -234.79
22
   -83.48
32
    77.04
13
  -234.79
23
   -76.54
33
    77.04
999
W-1
0
3DFACE
8
W1
10
  -231.29
20
   -83.48
30
    75.54
11
  -231.29
21
   -76.54
31
    75.54
12
  -231.29
22
   -76.54
32
    77.04
13
  -231.29
23
   -83.48
33
    77.04
999
W-1
0
3DFACE
8
W1
10
  -234.79
20
   -52.54
30
    77.04
11
  -234.79
21
   -76.54
31
    77.04
12
  -231.29
22
   -76.54
32
    77.04
13
  -231.29
23
   -52.54
33
    77.04
999
W-1
0
3DFACE
8
W1
10
  -234.79
20
   -52.54
30
    75.54
11
  -234.79
21
   -76.54
31
    75.54
12
  -234.79
22
   -76.54
32
    77.04
13
  -234.79
23
   -52.54
33
    77.04
999
W-1
0
3DFACE
8
W1
10
  -231.29
20
   -76.54
30
    75.54
11
  -231.29
21
   -52.54
31
    75.54
12
  -231.29
22
   -52.54
32
    77.04
13
  -231.29
23
   -76.54
33
    77.04
999
W-1
0
3DFACE
8
W1
10
  -234.79
20
   -33.04
30
    77.04
11
  -234.79
21
   -52.54
31
    77.04
12
  -231.29
22
   -52.54
32
    77.04
13
  -231.29
23
   -33.04
33
    77.04
999
W-1
0
3DFACE
8
W1
10
  -234.79
20
   -33.04
30
    75.54
11
  -234.79
21
   -52.54
31
    75.54
12
  -234.79
22
   -52.54
32
    77.04
13
  -234.79
23
   -33.04
33
    77.04
999
W-1
0
3DFACE
8
W1
10
  -231.29
20
   -52.54
30
    75.54
11
  -231.29
21
   -33.04
31
    75.54
12
  -231.29
22
   -33.04
32
    77.04
13
  -231.29
23
   -52.54
33
    77.04
999
W-1
0
3DFACE
8
W1
10
  -234.79
20
   -29.54
30
    77.04
11
  -234.79
21
   -33.04
31
    77.04
12
  -231.29
22
   -33.04
32
    77.04
13
  -231.29
23
   -29.54
33
    77.04
999
W-1
0
3DFACE
8
W1
10
  -234.79
20
   -29.54
30
    75.54
11
  -234.79
21
   -33.04
31
    75.54
12
  -234.79
22
   -33.04
32
    77.04
13
  -234.79
23
   -29.54
33
    77.04
999
W-1
0
3DFACE
8
W1
10
  -231.29
20
   -33.04
30
    75.54
11
  -231.29
21
   -29.54
31
    75.54
12
  -231.29
22
   -29.54
32
    77.04
13
  -231.29
23
   -33.04
33
    77.04
999
W-1
0
3DFACE
8
W1
10
  -234.79
20
  -126.16
30
    77.04
11
  -234.79
21
  -145.98
31
    39.21
12
  -231.29
22
  -145.98
32
    39.21
13
  -231.29
23
  -126.16
33
    77.04
999
W-1
0
3DFACE
8
W1
10
  -234.79
20
  -124.83
30
    76.35
11
  -234.79
21
  -144.65
31
    38.51
12
  -234.79
22
  -145.98
32
    39.21
13
  -234.79
23
  -126.16
33
    77.04
999
W-1
0
3DFACE
8
W1
10
  -231.29
20
  -144.65
30
    38.51
11
  -231.29
21
  -124.83
31
    76.35
12
  -231.29
22
  -126.16
32
    77.04
13
  -231.29
23
  -145.98
33
    39.21
999
W-1
0
3DFACE
8
W1
10
  -234.79
20
  -144.32
30
    38.52
11
  -234.79
21
  -126.16
31
     0.00
12
  -231.29
22
  -126.16
32
     0.00
13
  -231.29
23
  -144.32
33
    38.52
999
W-1
0
3DFACE
8
W1
10
  -234.79
20
  -142.97
30
    39.16
11
  -234.79
21
  -124.81
31
     0.64
12
  -234.79
22
  -126.16
32
     0.00
13
  -234.79
23
  -144.32
33
    38.52
999
W-1
0
3DFACE
8
W1
10
  -231.29
20
  -124.81
30
     0.64
11
  -231.29
21
  -142.97
31
    39.16
12
  -231.29
22
  -144.32
32
    38.52
13
  -231.29
23
  -126.16
33
     0.00
999
W-1
0
3DFACE
8
W1
10
  -234.79
20
  -144.32
30
   115.56
11
  -234.79
21
  -126.16
31
    77.10
12
  -231.29
22
  -126.16
32
    77.10
13
  -231.29
23
  -144.32
33
   115.56
999
W-1
0
3DFACE
8
W1
10
  -234.79
20
  -142.97
30
   116.20
11
  -234.79
21
  -124.81
31
    77.74
12
  -234.79
22
  -126.16
32
    77.10
13
  -234.79
23
  -144.32
33
   115.56
999
W-1
0
3DFACE
8
W1
10
  -231.29
20
  -124.81
30
    77.74
11
  -231.29
21
  -142.97
31
   116.20
12
  -231.29
22
  -144.32
32
   115.56
13
  -231.29
23
  -126.16
33
    77.10
999
W-1
0
TEXT
8
W1t
10
 -234.79
20
  -87.76
30
  119.50
40
120
1
W-1
999
W-1
0
3DFACE
8
W1
10
  -303.22
20
  -146.04
30
     0.00
11
  -231.29
21
  -146.04
31
     0.00
12
  -231.29
22
  -149.54
32
     0.00
13
  -303.22
23
  -149.54
33
     0.00
999
W-2
0
3DFACE
8
W1
10
  -303.22
20
  -146.04
30
     1.50
11
  -231.29
21
  -146.04
31
     1.50
12
  -231.29
22
  -146.04
32
     0.00
13
  -303.22
23
  -146.04
33
     0.00
999
W-2
0
3DFACE
8
W1
10
  -231.29
20
  -149.54
30
     1.50
11
  -303.22
21
  -149.54
31
     1.50
12
  -303.22
22
  -149.54
32
     0.00
13
  -231.29
23
  -149.54
33
     0.00
999
W-2
0
3DFACE
8
W1
10
  -231.29
20
  -146.04
30
     0.00
11
  -231.29
21
  -146.04
31
   115.56
12
  -231.29
22
  -149.54
32
   115.56
13
  -231.29
23
  -149.54
33
     0.00
999
W-2
0
3DFACE
8
W1
10
  -232.79
20
  -146.04
30
     0.00
11
  -232.79
21
  -146.04
31
   115.56
12
  -231.29
22
  -146.04
32
   115.56
13
  -231.29
23
  -146.04
33
     0.00
999
W-2
0
3DFACE
8
W1
10
  -232.79
20
  -149.54
30
   115.56
11
  -232.79
21
  -149.54
31
     0.00
12
  -231.29
22
  -149.54
32
     0.00
13
  -231.29
23
  -149.54
33
   115.56
999
W-2
0
3DFACE
8
W1
10
  -231.29
20
  -146.04
30
   115.56
11
  -303.22
21
  -146.04
31
   139.53
12
  -303.22
22
  -149.54
32
   139.53
13
  -231.29
23
  -149.54
33
   115.56
999
W-2
0
3DFACE
8
W1
10
  -231.76
20
  -146.04
30
   114.14
11
  -303.70
21
  -146.04
31
   138.11
12
  -303.22
22
  -146.04
32
   139.53
13
  -231.29
23
  -146.04
33
   115.56
999
W-2
0
3DFACE
8
W1
10
  -303.70
20
  -149.54
30
   138.11
11
  -231.76
21
  -149.54
31
   114.14
12
  -231.29
22
  -149.54
32
   115.56
13
  -303.22
23
  -149.54
33
   139.53
999
W-2
0
3DFACE
8
W1
10
  -303.22
20
  -146.04
30
   139.53
11
  -303.22
21
  -146.04
31
     0.00
12
  -303.22
22
  -149.54
32
     0.00
13
  -303.22
23
  -149.54
33
   139.53
999
W-2
0
3DFACE
8
W1
10
  -301.72
20
  -146.04
30
   139.53
11
  -301.72
21
  -146.04
31
     0.00
12
  -303.22
22
  -146.04
32
     0.00
13
  -303.22
23
  -146.04
33
   139.53
999
W-2
0
3DFACE
8
W1
10
  -301.72
20
  -149.54
30
     0.00
11
  -301.72
21
  -149.54
31
   139.53
12
  -303.22
22
  -149.54
32
   139.53
13
  -303.22
23
  -149.54
33
     0.00
999
W-2
0
3DFACE
8
W1
10
  -234.79
20
  -146.04
30
     0.00
11
  -234.79
21
  -146.04
31
   116.73
12
  -234.79
22
  -149.54
32
   116.73
13
  -234.79
23
  -149.54
33
     0.00
999
W-2
0
3DFACE
8
W1
10
  -236.29
20
  -146.04
30
     0.00
11
  -236.29
21
  -146.04
31
   116.73
12
  -234.79
22
  -146.04
32
   116.73
13
  -234.79
23
  -146.04
33
     0.00
999
W-2
0
3DFACE
8
W1
10
  -236.29
20
  -149.54
30
   116.73
11
  -236.29
21
  -149.54
31
     0.00
12
  -234.79
22
  -149.54
32
     0.00
13
  -234.79
23
  -149.54
33
   116.73
999
W-2
0
3DFACE
8
W1
10
  -280.41
20
  -146.04
30
   131.93
11
  -280.41
21
  -146.04
31
     0.00
12
  -280.41
22
  -149.54
32
     0.00
13
  -280.41
23
  -149.54
33
   131.93
999
W-2
0
3DFACE
8
W1
10
  -278.91
20
  -146.04
30
   131.93
11
  -278.91
21
  -146.04
31
     0.00
12
  -280.41
22
  -146.04
32
     0.00
13
  -280.41
23
  -146.04
33
   131.93
999
W-2
0
3DFACE
8
W1
10
  -278.91
20
  -149.54
30
     0.00
11
  -278.91
21
  -149.54
31
   131.93
12
  -280.41
22
  -149.54
32
   131.93
13
  -280.41
23
  -149.54
33
     0.00
999
W-2
0
3DFACE
8
W1
10
  -257.60
20
  -146.04
30
   124.33
11
  -257.60
21
  -146.04
31
     0.00
12
  -257.60
22
  -149.54
32
     0.00
13
  -257.60
23
  -149.54
33
   124.33
999
W-2
0
3DFACE
8
W1
10
  -256.10
20
  -146.04
30
   124.33
11
  -256.10
21
  -146.04
31
     0.00
12
  -257.60
22
  -146.04
32
     0.00
13
  -257.60
23
  -146.04
33
   124.33
999
W-2
0
3DFACE
8
W1
10
  -256.10
20
  -149.54
30
     0.00
11
  -256.10
21
  -149.54
31
   124.33
12
  -257.60
22
  -149.54
32
   124.33
13
  -257.60
23
  -149.54
33
     0.00
999
W-2
0
3DFACE
8
W1
10
  -280.41
20
  -146.04
30
    46.51
11
  -303.22
21
  -146.04
31
    46.51
12
  -303.22
22
  -149.54
32
    46.51
13
  -280.41
23
  -149.54
33
    46.51
999
W-2
0
3DFACE
8
W1
10
  -280.41
20
  -146.04
30
    45.01
11
  -303.22
21
  -146.04
31
    45.01
12
  -303.22
22
  -146.04
32
    46.51
13
  -280.41
23
  -146.04
33
    46.51
999
W-2
0
3DFACE
8
W1
10
  -303.22
20
  -149.54
30
    45.01
11
  -280.41
21
  -149.54
31
    45.01
12
  -280.41
22
  -149.54
32
    46.51
13
  -303.22
23
  -149.54
33
    46.51
999
W-2
0
3DFACE
8
W1
10
  -257.60
20
  -146.04
30
    46.51
11
  -280.41
21
  -146.04
31
    46.51
12
  -280.41
22
  -149.54
32
    46.51
13
  -257.60
23
  -149.54
33
    46.51
999
W-2
0
3DFACE
8
W1
10
  -257.60
20
  -146.04
30
    45.01
11
  -280.41
21
  -146.04
31
    45.01
12
  -280.41
22
  -146.04
32
    46.51
13
  -257.60
23
  -146.04
33
    46.51
999
W-2
0
3DFACE
8
W1
10
  -280.41
20
  -149.54
30
    45.01
11
  -257.60
21
  -149.54
31
    45.01
12
  -257.60
22
  -149.54
32
    46.51
13
  -280.41
23
  -149.54
33
    46.51
999
W-2
0
3DFACE
8
W1
10
  -234.79
20
  -146.04
30
    46.51
11
  -257.60
21
  -146.04
31
    46.51
12
  -257.60
22
  -149.54
32
    46.51
13
  -234.79
23
  -149.54
33
    46.51
999
W-2
0
3DFACE
8
W1
10
  -234.79
20
  -146.04
30
    45.01
11
  -257.60
21
  -146.04
31
    45.01
12
  -257.60
22
  -146.04
32
    46.51
13
  -234.79
23
  -146.04
33
    46.51
999
W-2
0
3DFACE
8
W1
10
  -257.60
20
  -149.54
30
    45.01
11
  -234.79
21
  -149.54
31
    45.01
12
  -234.79
22
  -149.54
32
    46.51
13
  -257.60
23
  -149.54
33
    46.51
999
W-2
0
3DFACE
8
W1
10
  -231.29
20
  -146.04
30
    46.51
11
  -234.79
21
  -146.04
31
    46.51
12
  -234.79
22
  -149.54
32
    46.51
13
  -231.29
23
  -149.54
33
    46.51
999
W-2
0
3DFACE
8
W1
10
  -231.29
20
  -146.04
30
    45.01
11
  -234.79
21
  -146.04
31
    45.01
12
  -234.79
22
  -146.04
32
    46.51
13
  -231.29
23
  -146.04
33
    46.51
999
W-2
0
3DFACE
8
W1
10
  -234.79
20
  -149.54
30
    45.01
11
  -231.29
21
  -149.54
31
    45.01
12
  -231.29
22
  -149.54
32
    46.51
13
  -234.79
23
  -149.54
33
    46.51
999
W-2
0
3DFACE
8
W1
10
  -280.41
20
  -146.04
30
    93.02
11
  -303.22
21
  -146.04
31
    93.02
12
  -303.22
22
  -149.54
32
    93.02
13
  -280.41
23
  -149.54
33
    93.02
999
W-2
0
3DFACE
8
W1
10
  -280.41
20
  -146.04
30
    91.52
11
  -303.22
21
  -146.04
31
    91.52
12
  -303.22
22
  -146.04
32
    93.02
13
  -280.41
23
  -146.04
33
    93.02
999
W-2
0
3DFACE
8
W1
10
  -303.22
20
  -149.54
30
    91.52
11
  -280.41
21
  -149.54
31
    91.52
12
  -280.41
22
  -149.54
32
    93.02
13
  -303.22
23
  -149.54
33
    93.02
999
W-2
0
3DFACE
8
W1
10
  -257.60
20
  -146.04
30
    93.02
11
  -280.41
21
  -146.04
31
    93.02
12
  -280.41
22
  -149.54
32
    93.02
13
  -257.60
23
  -149.54
33
    93.02
999
W-2
0
3DFACE
8
W1
10
  -257.60
20
  -146.04
30
    91.52
11
  -280.41
21
  -146.04
31
    91.52
12
  -280.41
22
  -146.04
32
    93.02
13
  -257.60
23
  -146.04
33
    93.02
999
W-2
0
3DFACE
8
W1
10
  -280.41
20
  -149.54
30
    91.52
11
  -257.60
21
  -149.54
31
    91.52
12
  -257.60
22
  -149.54
32
    93.02
13
  -280.41
23
  -149.54
33
    93.02
999
W-2
0
3DFACE
8
W1
10
  -234.79
20
  -146.04
30
    93.02
11
  -257.60
21
  -146.04
31
    93.02
12
  -257.60
22
  -149.54
32
    93.02
13
  -234.79
23
  -149.54
33
    93.02
999
W-2
0
3DFACE
8
W1
10
  -234.79
20
  -146.04
30
    91.52
11
  -257.60
21
  -146.04
31
    91.52
12
  -257.60
22
  -146.04
32
    93.02
13
  -234.79
23
  -146.04
33
    93.02
999
W-2
0
3DFACE
8
W1
10
  -257.60
20
  -149.54
30
    91.52
11
  -234.79
21
  -149.54
31
    91.52
12
  -234.79
22
  -149.54
32
    93.02
13
  -257.60
23
  -149.54
33
    93.02
999
W-2
0
3DFACE
8
W1
10
  -257.60
20
  -146.04
30
    93.08
11
  -234.79
21
  -146.04
31
    93.08
12
  -234.79
22
  -149.54
32
    93.08
13
  -257.60
23
  -149.54
33
    93.08
999
W-2
0
3DFACE
8
W1
10
  -257.60
20
  -146.04
30
    94.58
11
  -234.79
21
  -146.04
31
    94.58
12
  -234.79
22
  -146.04
32
    93.08
13
  -257.60
23
  -146.04
33
    93.08
999
W-2
0
3DFACE
8
W1
10
  -234.79
20
  -149.54
30
    94.58
11
  -257.60
21
  -149.54
31
    94.58
12
  -257.60
22
  -149.54
32
    93.08
13
  -234.79
23
  -149.54
33
    93.08
999
W-2
0
3DFACE
8
W1
10
  -231.29
20
  -146.04
30
    93.02
11
  -234.79
21
  -146.04
31
    93.02
12
  -234.79
22
  -149.54
32
    93.02
13
  -231.29
23
  -149.54
33
    93.02
999
W-2
0
3DFACE
8
W1
10
  -231.29
20
  -146.04
30
    91.52
11
  -234.79
21
  -146.04
31
    91.52
12
  -234.79
22
  -146.04
32
    93.02
13
  -231.29
23
  -146.04
33
    93.02
999
W-2
0
3DFACE
8
W1
10
  -234.79
20
  -149.54
30
    91.52
11
  -231.29
21
  -149.54
31
    91.52
12
  -231.29
22
  -149.54
32
    93.02
13
  -234.79
23
  -149.54
33
    93.02
999
W-2
0
3DFACE
8
W1
10
  -255.55
20
  -146.04
30
   123.64
11
  -237.90
21
  -146.04
31
    93.08
12
  -237.90
22
  -149.54
32
    93.08
13
  -255.55
23
  -149.54
33
   123.64
999
W-2
0
3DFACE
8
W1
10
  -254.25
20
  -146.04
30
   124.39
11
  -236.60
21
  -146.04
31
    93.83
12
  -237.90
22
  -146.04
32
    93.08
13
  -255.55
23
  -146.04
33
   123.64
999
W-2
0
3DFACE
8
W1
10
  -236.60
20
  -149.54
30
    93.83
11
  -254.25
21
  -149.54
31
   124.39
12
  -255.55
22
  -149.54
32
   123.64
13
  -237.90
23
  -149.54
33
    93.08
999
W-2
0
3DFACE
8
W1
10
  -237.90
20
  -146.04
30
    93.02
11
  -257.60
21
  -146.04
31
    47.10
12
  -257.60
22
  -149.54
32
    47.10
13
  -237.90
23
  -149.54
33
    93.02
999
W-2
0
3DFACE
8
W1
10
  -236.53
20
  -146.04
30
    92.43
11
  -256.22
21
  -146.04
31
    46.50
12
  -257.60
22
  -146.04
32
    47.10
13
  -237.90
23
  -146.04
33
    93.02
999
W-2
0
3DFACE
8
W1
10
  -256.22
20
  -149.54
30
    46.50
11
  -236.53
21
  -149.54
31
    92.43
12
  -237.90
22
  -149.54
32
    93.02
13
  -257.60
23
  -149.54
33
    47.10
999
W-2
0
3DFACE
8
W1
10
  -255.94
20
  -146.04
30
    46.51
11
  -237.90
21
  -146.04
31
     0.00
12
  -237.90
22
  -149.54
32
     0.00
13
  -255.94
23
  -149.54
33
    46.51
999
W-2
0
3DFACE
8
W1
10
  -254.54
20
  -146.04
30
    47.05
11
  -236.51
21
  -146.04
31
     0.54
12
  -237.90
22
  -146.04
32
     0.00
13
  -255.94
23
  -146.04
33
    46.51
999
W-2
0
3DFACE
8
W1
10
  -236.51
20
  -149.54
30
     0.54
11
  -254.54
21
  -149.54
31
    47.05
12
  -255.94
22
  -149.54
32
    46.51
13
  -237.90
23
  -149.54
33
     0.00
999
W-2
0
TEXT
8
W1t
10
 -267.25
20
 -146.04
30
  143.47
40
120
1
W-2
999
W-2
0
3DFACE
8
W1
10
  -395.79
20
   -57.11
30
     0.00
11
  -395.79
21
  -173.54
31
     0.00
12
  -399.29
22
  -173.54
32
     0.00
13
  -399.29
23
   -57.11
33
     0.00
999
W-5
0
3DFACE
8
W1
10
  -395.79
20
   -57.11
30
     1.50
11
  -395.79
21
  -173.54
31
     1.50
12
  -395.79
22
  -173.54
32
     0.00
13
  -395.79
23
   -57.11
33
     0.00
999
W-5
0
3DFACE
8
W1
10
  -399.29
20
  -173.54
30
     1.50
11
  -399.29
21
   -57.11
31
     1.50
12
  -399.29
22
   -57.11
32
     0.00
13
  -399.29
23
  -173.54
33
     0.00
999
W-5
0
3DFACE
8
W1
10
  -395.79
20
  -173.54
30
     0.00
11
  -395.79
21
  -173.54
31
   127.06
12
  -399.29
22
  -173.54
32
   127.06
13
  -399.29
23
  -173.54
33
     0.00
999
W-5
0
3DFACE
8
W1
10
  -395.79
20
  -172.04
30
     0.00
11
  -395.79
21
  -172.04
31
   127.06
12
  -395.79
22
  -173.54
32
   127.06
13
  -395.79
23
  -173.54
33
     0.00
999
W-5
0
3DFACE
8
W1
10
  -399.29
20
  -172.04
30
   127.06
11
  -399.29
21
  -172.04
31
     0.00
12
  -399.29
22
  -173.54
32
     0.00
13
  -399.29
23
  -173.54
33
   127.06
999
W-5
0
3DFACE
8
W1
10
  -395.79
20
  -173.54
30
   127.06
11
  -395.79
21
   -57.11
31
   127.06
12
  -399.29
22
   -57.11
32
   127.06
13
  -399.29
23
  -173.54
33
   127.06
999
W-5
0
3DFACE
8
W1
10
  -395.79
20
  -173.54
30
   125.56
11
  -395.79
21
   -57.11
31
   125.56
12
  -395.79
22
   -57.11
32
   127.06
13
  -395.79
23
  -173.54
33
   127.06
999
W-5
0
3DFACE
8
W1
10
  -399.29
20
   -57.11
30
   125.56
11
  -399.29
21
  -173.54
31
   125.56
12
  -399.29
22
  -173.54
32
   127.06
13
  -399.29
23
   -57.11
33
   127.06
999
W-5
0
3DFACE
8
W1
10
  -395.79
20
   -57.11
30
   127.06
11
  -395.79
21
   -57.11
31
     0.00
12
  -399.29
22
   -57.11
32
     0.00
13
  -399.29
23
   -57.11
33
   127.06
999
W-5
0
3DFACE
8
W1
10
  -395.79
20
   -58.61
30
   127.06
11
  -395.79
21
   -58.61
31
     0.00
12
  -395.79
22
   -57.11
32
     0.00
13
  -395.79
23
   -57.11
33
   127.06
999
W-5
0
3DFACE
8
W1
10
  -399.29
20
   -58.61
30
     0.00
11
  -399.29
21
   -58.61
31
   127.06
12
  -399.29
22
   -57.11
32
   127.06
13
  -399.29
23
   -57.11
33
     0.00
999
W-5
0
3DFACE
8
W1
10
  -395.79
20
  -170.04
30
     0.00
11
  -395.79
21
  -170.04
31
   127.06
12
  -399.29
22
  -170.04
32
   127.06
13
  -399.29
23
  -170.04
33
     0.00
999
W-5
0
3DFACE
8
W1
10
  -395.79
20
  -168.54
30
     0.00
11
  -395.79
21
  -168.54
31
   127.06
12
  -395.79
22
  -170.04
32
   127.06
13
  -395.79
23
  -170.04
33
     0.00
999
W-5
0
3DFACE
8
W1
10
  -399.29
20
  -168.54
30
   127.06
11
  -399.29
21
  -168.54
31
     0.00
12
  -399.29
22
  -170.04
32
     0.00
13
  -399.29
23
  -170.04
33
   127.06
999
W-5
0
3DFACE
8
W1
10
  -395.79
20
   -75.03
30
   127.06
11
  -395.79
21
   -75.03
31
     0.00
12
  -399.29
22
   -75.03
32
     0.00
13
  -399.29
23
   -75.03
33
   127.06
999
W-5
0
3DFACE
8
W1
10
  -395.79
20
   -76.53
30
   127.06
11
  -395.79
21
   -76.53
31
     0.00
12
  -395.79
22
   -75.03
32
     0.00
13
  -395.79
23
   -75.03
33
   127.06
999
W-5
0
3DFACE
8
W1
10
  -399.29
20
   -76.53
30
     0.00
11
  -399.29
21
   -76.53
31
   127.06
12
  -399.29
22
   -75.03
32
   127.06
13
  -399.29
23
   -75.03
33
     0.00
999
W-5
0
3DFACE
8
W1
10
  -395.79
20
   -99.03
30
   127.06
11
  -395.79
21
   -99.03
31
     0.00
12
  -399.29
22
   -99.03
32
     0.00
13
  -399.29
23
   -99.03
33
   127.06
999
W-5
0
3DFACE
8
W1
10
  -395.79
20
  -100.53
30
   127.06
11
  -395.79
21
  -100.53
31
     0.00
12
  -395.79
22
   -99.03
32
     0.00
13
  -395.79
23
   -99.03
33
   127.06
999
W-5
0
3DFACE
8
W1
10
  -399.29
20
  -100.53
30
     0.00
11
  -399.29
21
  -100.53
31
   127.06
12
  -399.29
22
   -99.03
32
   127.06
13
  -399.29
23
   -99.03
33
     0.00
999
W-5
0
3DFACE
8
W1
10
  -395.79
20
  -123.03
30
   127.06
11
  -395.79
21
  -123.03
31
     0.00
12
  -399.29
22
  -123.03
32
     0.00
13
  -399.29
23
  -123.03
33
   127.06
999
W-5
0
3DFACE
8
W1
10
  -395.79
20
  -124.53
30
   127.06
11
  -395.79
21
  -124.53
31
     0.00
12
  -395.79
22
  -123.03
32
     0.00
13
  -395.79
23
  -123.03
33
   127.06
999
W-5
0
3DFACE
8
W1
10
  -399.29
20
  -124.53
30
     0.00
11
  -399.29
21
  -124.53
31
   127.06
12
  -399.29
22
  -123.03
32
   127.06
13
  -399.29
23
  -123.03
33
     0.00
999
W-5
0
3DFACE
8
W1
10
  -395.79
20
  -147.03
30
   127.06
11
  -395.79
21
  -147.03
31
     0.00
12
  -399.29
22
  -147.03
32
     0.00
13
  -399.29
23
  -147.03
33
   127.06
999
W-5
0
3DFACE
8
W1
10
  -395.79
20
  -148.53
30
   127.06
11
  -395.79
21
  -148.53
31
     0.00
12
  -395.79
22
  -147.03
32
     0.00
13
  -395.79
23
  -147.03
33
   127.06
999
W-5
0
3DFACE
8
W1
10
  -399.29
20
  -148.53
30
     0.00
11
  -399.29
21
  -148.53
31
   127.06
12
  -399.29
22
  -147.03
32
   127.06
13
  -399.29
23
  -147.03
33
     0.00
999
W-5
0
3DFACE
8
W1
10
  -395.79
20
   -75.03
30
    42.35
11
  -395.79
21
   -57.11
31
    42.35
12
  -399.29
22
   -57.11
32
    42.35
13
  -399.29
23
   -75.03
33
    42.35
999
W-5
0
3DFACE
8
W1
10
  -395.79
20
   -75.03
30
    40.85
11
  -395.79
21
   -57.11
31
    40.85
12
  -395.79
22
   -57.11
32
    42.35
13
  -395.79
23
   -75.03
33
    42.35
999
W-5
0
3DFACE
8
W1
10
  -399.29
20
   -57.11
30
    40.85
11
  -399.29
21
   -75.03
31
    40.85
12
  -399.29
22
   -75.03
32
    42.35
13
  -399.29
23
   -57.11
33
    42.35
999
W-5
0
3DFACE
8
W1
10
  -395.79
20
   -99.03
30
    42.35
11
  -395.79
21
   -75.03
31
    42.35
12
  -399.29
22
   -75.03
32
    42.35
13
  -399.29
23
   -99.03
33
    42.35
999
W-5
0
3DFACE
8
W1
10
  -395.79
20
   -99.03
30
    40.85
11
  -395.79
21
   -75.03
31
    40.85
12
  -395.79
22
   -75.03
32
    42.35
13
  -395.79
23
   -99.03
33
    42.35
999
W-5
0
3DFACE
8
W1
10
  -399.29
20
   -75.03
30
    40.85
11
  -399.29
21
   -99.03
31
    40.85
12
  -399.29
22
   -99.03
32
    42.35
13
  -399.29
23
   -75.03
33
    42.35
999
W-5
0
3DFACE
8
W1
10
  -395.79
20
  -123.03
30
    42.35
11
  -395.79
21
   -99.03
31
    42.35
12
  -399.29
22
   -99.03
32
    42.35
13
  -399.29
23
  -123.03
33
    42.35
999
W-5
0
3DFACE
8
W1
10
  -395.79
20
  -123.03
30
    40.85
11
  -395.79
21
   -99.03
31
    40.85
12
  -395.79
22
   -99.03
32
    42.35
13
  -395.79
23
  -123.03
33
    42.35
999
W-5
0
3DFACE
8
W1
10
  -399.29
20
   -99.03
30
    40.85
11
  -399.29
21
  -123.03
31
    40.85
12
  -399.29
22
  -123.03
32
    42.35
13
  -399.29
23
   -99.03
33
    42.35
999
W-5
0
3DFACE
8
W1
10
  -395.79
20
  -147.03
30
    42.35
11
  -395.79
21
  -123.03
31
    42.35
12
  -399.29
22
  -123.03
32
    42.35
13
  -399.29
23
  -147.03
33
    42.35
999
W-5
0
3DFACE
8
W1
10
  -395.79
20
  -147.03
30
    40.85
11
  -395.79
21
  -123.03
31
    40.85
12
  -395.79
22
  -123.03
32
    42.35
13
  -395.79
23
  -147.03
33
    42.35
999
W-5
0
3DFACE
8
W1
10
  -399.29
20
  -123.03
30
    40.85
11
  -399.29
21
  -147.03
31
    40.85
12
  -399.29
22
  -147.03
32
    42.35
13
  -399.29
23
  -123.03
33
    42.35
999
W-5
0
3DFACE
8
W1
10
  -395.79
20
  -170.04
30
    42.35
11
  -395.79
21
  -147.03
31
    42.35
12
  -399.29
22
  -147.03
32
    42.35
13
  -399.29
23
  -170.04
33
    42.35
999
W-5
0
3DFACE
8
W1
10
  -395.79
20
  -170.04
30
    40.85
11
  -395.79
21
  -147.03
31
    40.85
12
  -395.79
22
  -147.03
32
    42.35
13
  -395.79
23
  -170.04
33
    42.35
999
W-5
0
3DFACE
8
W1
10
  -399.29
20
  -147.03
30
    40.85
11
  -399.29
21
  -170.04
31
    40.85
12
  -399.29
22
  -170.04
32
    42.35
13
  -399.29
23
  -147.03
33
    42.35
999
W-5
0
3DFACE
8
W1
10
  -395.79
20
  -173.54
30
    42.35
11
  -395.79
21
  -170.04
31
    42.35
12
  -399.29
22
  -170.04
32
    42.35
13
  -399.29
23
  -173.54
33
    42.35
999
W-5
0
3DFACE
8
W1
10
  -395.79
20
  -173.54
30
    40.85
11
  -395.79
21
  -170.04
31
    40.85
12
  -395.79
22
  -170.04
32
    42.35
13
  -395.79
23
  -173.54
33
    42.35
999
W-5
0
3DFACE
8
W1
10
  -399.29
20
  -170.04
30
    40.85
11
  -399.29
21
  -173.54
31
    40.85
12
  -399.29
22
  -173.54
32
    42.35
13
  -399.29
23
  -170.04
33
    42.35
999
W-5
0
3DFACE
8
W1
10
  -395.79
20
   -75.03
30
    84.71
11
  -395.79
21
   -57.11
31
    84.71
12
  -399.29
22
   -57.11
32
    84.71
13
  -399.29
23
   -75.03
33
    84.71
999
W-5
0
3DFACE
8
W1
10
  -395.79
20
   -75.03
30
    83.21
11
  -395.79
21
   -57.11
31
    83.21
12
  -395.79
22
   -57.11
32
    84.71
13
  -395.79
23
   -75.03
33
    84.71
999
W-5
0
3DFACE
8
W1
10
  -399.29
20
   -57.11
30
    83.21
11
  -399.29
21
   -75.03
31
    83.21
12
  -399.29
22
   -75.03
32
    84.71
13
  -399.29
23
   -57.11
33
    84.71
999
W-5
0
3DFACE
8
W1
10
  -395.79
20
   -99.03
30
    84.71
11
  -395.79
21
   -75.03
31
    84.71
12
  -399.29
22
   -75.03
32
    84.71
13
  -399.29
23
   -99.03
33
    84.71
999
W-5
0
3DFACE
8
W1
10
  -395.79
20
   -99.03
30
    83.21
11
  -395.79
21
   -75.03
31
    83.21
12
  -395.79
22
   -75.03
32
    84.71
13
  -395.79
23
   -99.03
33
    84.71
999
W-5
0
3DFACE
8
W1
10
  -399.29
20
   -75.03
30
    83.21
11
  -399.29
21
   -99.03
31
    83.21
12
  -399.29
22
   -99.03
32
    84.71
13
  -399.29
23
   -75.03
33
    84.71
999
W-5
0
3DFACE
8
W1
10
  -395.79
20
  -123.03
30
    84.71
11
  -395.79
21
   -99.03
31
    84.71
12
  -399.29
22
   -99.03
32
    84.71
13
  -399.29
23
  -123.03
33
    84.71
999
W-5
0
3DFACE
8
W1
10
  -395.79
20
  -123.03
30
    83.21
11
  -395.79
21
   -99.03
31
    83.21
12
  -395.79
22
   -99.03
32
    84.71
13
  -395.79
23
  -123.03
33
    84.71
999
W-5
0
3DFACE
8
W1
10
  -399.29
20
   -99.03
30
    83.21
11
  -399.29
21
  -123.03
31
    83.21
12
  -399.29
22
  -123.03
32
    84.71
13
  -399.29
23
   -99.03
33
    84.71
999
W-5
0
3DFACE
8
W1
10
  -395.79
20
  -147.03
30
    84.71
11
  -395.79
21
  -123.03
31
    84.71
12
  -399.29
22
  -123.03
32
    84.71
13
  -399.29
23
  -147.03
33
    84.71
999
W-5
0
3DFACE
8
W1
10
  -395.79
20
  -147.03
30
    83.21
11
  -395.79
21
  -123.03
31
    83.21
12
  -395.79
22
  -123.03
32
    84.71
13
  -395.79
23
  -147.03
33
    84.71
999
W-5
0
3DFACE
8
W1
10
  -399.29
20
  -123.03
30
    83.21
11
  -399.29
21
  -147.03
31
    83.21
12
  -399.29
22
  -147.03
32
    84.71
13
  -399.29
23
  -123.03
33
    84.71
999
W-5
0
3DFACE
8
W1
10
  -395.79
20
  -170.04
30
    84.71
11
  -395.79
21
  -147.03
31
    84.71
12
  -399.29
22
  -147.03
32
    84.71
13
  -399.29
23
  -170.04
33
    84.71
999
W-5
0
3DFACE
8
W1
10
  -395.79
20
  -170.04
30
    83.21
11
  -395.79
21
  -147.03
31
    83.21
12
  -395.79
22
  -147.03
32
    84.71
13
  -395.79
23
  -170.04
33
    84.71
999
W-5
0
3DFACE
8
W1
10
  -399.29
20
  -147.03
30
    83.21
11
  -399.29
21
  -170.04
31
    83.21
12
  -399.29
22
  -170.04
32
    84.71
13
  -399.29
23
  -147.03
33
    84.71
999
W-5
0
3DFACE
8
W1
10
  -395.79
20
  -147.03
30
    84.77
11
  -395.79
21
  -170.04
31
    84.77
12
  -399.29
22
  -170.04
32
    84.77
13
  -399.29
23
  -147.03
33
    84.77
999
W-5
0
3DFACE
8
W1
10
  -395.79
20
  -147.03
30
    86.27
11
  -395.79
21
  -170.04
31
    86.27
12
  -395.79
22
  -170.04
32
    84.77
13
  -395.79
23
  -147.03
33
    84.77
999
W-5
0
3DFACE
8
W1
10
  -399.29
20
  -170.04
30
    86.27
11
  -399.29
21
  -147.03
31
    86.27
12
  -399.29
22
  -147.03
32
    84.77
13
  -399.29
23
  -170.04
33
    84.77
999
W-5
0
3DFACE
8
W1
10
  -395.79
20
  -173.54
30
    84.71
11
  -395.79
21
  -170.04
31
    84.71
12
  -399.29
22
  -170.04
32
    84.71
13
  -399.29
23
  -173.54
33
    84.71
999
W-5
0
3DFACE
8
W1
10
  -395.79
20
  -173.54
30
    83.21
11
  -395.79
21
  -170.04
31
    83.21
12
  -395.79
22
  -170.04
32
    84.71
13
  -395.79
23
  -173.54
33
    84.71
999
W-5
0
3DFACE
8
W1
10
  -399.29
20
  -170.04
30
    83.21
11
  -399.29
21
  -173.54
31
    83.21
12
  -399.29
22
  -173.54
32
    84.71
13
  -399.29
23
  -170.04
33
    84.71
999
W-5
0
3DFACE
8
W1
10
  -395.79
20
  -166.93
30
    84.71
11
  -395.79
21
  -147.03
31
    42.99
12
  -399.29
22
  -147.03
32
    42.99
13
  -399.29
23
  -166.93
33
    84.71
999
W-5
0
3DFACE
8
W1
10
  -395.79
20
  -168.28
30
    84.06
11
  -395.79
21
  -148.39
31
    42.35
12
  -395.79
22
  -147.03
32
    42.99
13
  -395.79
23
  -166.93
33
    84.71
999
W-5
0
3DFACE
8
W1
10
  -399.29
20
  -148.39
30
    42.35
11
  -399.29
21
  -168.28
31
    84.06
12
  -399.29
22
  -166.93
32
    84.71
13
  -399.29
23
  -147.03
33
    42.99
999
W-5
0
3DFACE
8
W1
10
  -395.79
20
  -148.69
30
    42.35
11
  -395.79
21
  -166.93
31
     0.00
12
  -399.29
22
  -166.93
32
     0.00
13
  -399.29
23
  -148.69
33
    42.35
999
W-5
0
3DFACE
8
W1
10
  -395.79
20
  -150.07
30
    42.95
11
  -395.79
21
  -168.30
31
     0.59
12
  -395.79
22
  -166.93
32
     0.00
13
  -395.79
23
  -148.69
33
    42.35
999
W-5
0
3DFACE
8
W1
10
  -399.29
20
  -168.30
30
     0.59
11
  -399.29
21
  -150.07
31
    42.95
12
  -399.29
22
  -148.69
32
    42.35
13
  -399.29
23
  -166.93
33
     0.00
999
W-5
0
3DFACE
8
W1
10
  -395.79
20
  -148.69
30
   127.06
11
  -395.79
21
  -166.93
31
    84.77
12
  -399.29
22
  -166.93
32
    84.77
13
  -399.29
23
  -148.69
33
   127.06
999
W-5
0
3DFACE
8
W1
10
  -395.79
20
  -150.07
30
   127.66
11
  -395.79
21
  -168.30
31
    85.36
12
  -395.79
22
  -166.93
32
    84.77
13
  -395.79
23
  -148.69
33
   127.06
999
W-5
0
3DFACE
8
W1
10
  -399.29
20
  -168.30
30
    85.36
11
  -399.29
21
  -150.07
31
   127.66
12
  -399.29
22
  -148.69
32
   127.06
13
  -399.29
23
  -166.93
33
    84.77
999
W-5
0
TEXT
8
W1t
10
 -395.79
20
 -115.33
30
  131.00
40
120
1
W-5
999
W-5
0
3DFACE
8
W1
10
  -234.85
20
   -33.04
30
     0.00
11
  -303.22
21
   -33.04
31
     0.00
12
  -303.22
22
   -29.54
32
    -0.00
13
  -234.85
23
   -29.54
33
    -0.00
999
W6
0
3DFACE
8
W1
10
  -234.85
20
   -33.04
30
     1.50
11
  -303.22
21
   -33.04
31
     1.50
12
  -303.22
22
   -33.04
32
     0.00
13
  -234.85
23
   -33.04
33
     0.00
999
W6
0
3DFACE
8
W1
10
  -303.22
20
   -29.54
30
     1.50
11
  -234.85
21
   -29.54
31
     1.50
12
  -234.85
22
   -29.54
32
    -0.00
13
  -303.22
23
   -29.54
33
    -0.00
999
W6
0
3DFACE
8
W1
10
  -303.22
20
   -33.04
30
     0.00
11
  -303.22
21
   -33.04
31
   130.81
12
  -303.22
22
   -29.54
32
   130.81
13
  -303.22
23
   -29.54
33
    -0.00
999
W6
0
3DFACE
8
W1
10
  -301.72
20
   -33.04
30
     0.00
11
  -301.72
21
   -33.04
31
   130.81
12
  -303.22
22
   -33.04
32
   130.81
13
  -303.22
23
   -33.04
33
     0.00
999
W6
0
3DFACE
8
W1
10
  -301.72
20
   -29.54
30
   130.81
11
  -301.72
21
   -29.54
31
    -0.00
12
  -303.22
22
   -29.54
32
    -0.00
13
  -303.22
23
   -29.54
33
   130.81
999
W6
0
3DFACE
8
W1
10
  -303.22
20
   -33.04
30
   130.81
11
  -234.85
21
   -33.04
31
   108.02
12
  -234.85
22
   -29.54
32
   108.02
13
  -303.22
23
   -29.54
33
   130.81
999
W6
0
3DFACE
8
W1
10
  -303.70
20
   -33.04
30
   129.38
11
  -235.32
21
   -33.04
31
   106.60
12
  -234.85
22
   -33.04
32
   108.02
13
  -303.22
23
   -33.04
33
   130.81
999
W6
0
3DFACE
8
W1
10
  -235.32
20
   -29.54
30
   106.60
11
  -303.70
21
   -29.54
31
   129.38
12
  -303.22
22
   -29.54
32
   130.81
13
  -234.85
23
   -29.54
33
   108.02
999
W6
0
3DFACE
8
W1
10
  -234.85
20
   -33.04
30
   108.02
11
  -234.85
21
   -33.04
31
     0.00
12
  -234.85
22
   -29.54
32
    -0.00
13
  -234.85
23
   -29.54
33
   108.02
999
W6
0
3DFACE
8
W1
10
  -236.35
20
   -33.04
30
   108.02
11
  -236.35
21
   -33.04
31
     0.00
12
  -234.85
22
   -33.04
32
     0.00
13
  -234.85
23
   -33.04
33
   108.02
999
W6
0
3DFACE
8
W1
10
  -236.35
20
   -29.54
30
    -0.00
11
  -236.35
21
   -29.54
31
   108.02
12
  -234.85
22
   -29.54
32
   108.02
13
  -234.85
23
   -29.54
33
    -0.00
999
W6
0
3DFACE
8
W1
10
  -257.64
20
   -33.04
30
   115.62
11
  -257.64
21
   -33.04
31
     0.00
12
  -257.64
22
   -29.54
32
    -0.00
13
  -257.64
23
   -29.54
33
   115.62
999
W6
0
3DFACE
8
W1
10
  -259.14
20
   -33.04
30
   115.62
11
  -259.14
21
   -33.04
31
     0.00
12
  -257.64
22
   -33.04
32
     0.00
13
  -257.64
23
   -33.04
33
   115.62
999
W6
0
3DFACE
8
W1
10
  -259.14
20
   -29.54
30
    -0.00
11
  -259.14
21
   -29.54
31
   115.62
12
  -257.64
22
   -29.54
32
   115.62
13
  -257.64
23
   -29.54
33
    -0.00
999
W6
0
3DFACE
8
W1
10
  -280.43
20
   -33.04
30
   123.21
11
  -280.43
21
   -33.04
31
     0.00
12
  -280.43
22
   -29.54
32
    -0.00
13
  -280.43
23
   -29.54
33
   123.21
999
W6
0
3DFACE
8
W1
10
  -281.93
20
   -33.04
30
   123.21
11
  -281.93
21
   -33.04
31
     0.00
12
  -280.43
22
   -33.04
32
     0.00
13
  -280.43
23
   -33.04
33
   123.21
999
W6
0
3DFACE
8
W1
10
  -281.93
20
   -29.54
30
    -0.00
11
  -281.93
21
   -29.54
31
   123.21
12
  -280.43
22
   -29.54
32
   123.21
13
  -280.43
23
   -29.54
33
    -0.00
999
W6
0
3DFACE
8
W1
10
  -257.64
20
   -33.04
30
    43.60
11
  -234.85
21
   -33.04
31
    43.60
12
  -234.85
22
   -29.54
32
    43.60
13
  -257.64
23
   -29.54
33
    43.60
999
W6
0
3DFACE
8
W1
10
  -257.64
20
   -33.04
30
    42.10
11
  -234.85
21
   -33.04
31
    42.10
12
  -234.85
22
   -33.04
32
    43.60
13
  -257.64
23
   -33.04
33
    43.60
999
W6
0
3DFACE
8
W1
10
  -234.85
20
   -29.54
30
    42.10
11
  -257.64
21
   -29.54
31
    42.10
12
  -257.64
22
   -29.54
32
    43.60
13
  -234.85
23
   -29.54
33
    43.60
999
W6
0
3DFACE
8
W1
10
  -280.43
20
   -33.04
30
    43.60
11
  -257.64
21
   -33.04
31
    43.60
12
  -257.64
22
   -29.54
32
    43.60
13
  -280.43
23
   -29.54
33
    43.60
999
W6
0
3DFACE
8
W1
10
  -280.43
20
   -33.04
30
    42.10
11
  -257.64
21
   -33.04
31
    42.10
12
  -257.64
22
   -33.04
32
    43.60
13
  -280.43
23
   -33.04
33
    43.60
999
W6
0
3DFACE
8
W1
10
  -257.64
20
   -29.54
30
    42.10
11
  -280.43
21
   -29.54
31
    42.10
12
  -280.43
22
   -29.54
32
    43.60
13
  -257.64
23
   -29.54
33
    43.60
999
W6
0
3DFACE
8
W1
10
  -303.22
20
   -33.04
30
    43.60
11
  -280.43
21
   -33.04
31
    43.60
12
  -280.43
22
   -29.54
32
    43.60
13
  -303.22
23
   -29.54
33
    43.60
999
W6
0
3DFACE
8
W1
10
  -303.22
20
   -33.04
30
    42.10
11
  -280.43
21
   -33.04
31
    42.10
12
  -280.43
22
   -33.04
32
    43.60
13
  -303.22
23
   -33.04
33
    43.60
999
W6
0
3DFACE
8
W1
10
  -280.43
20
   -29.54
30
    42.10
11
  -303.22
21
   -29.54
31
    42.10
12
  -303.22
22
   -29.54
32
    43.60
13
  -280.43
23
   -29.54
33
    43.60
999
W6
0
3DFACE
8
W1
10
  -257.64
20
   -33.04
30
    87.20
11
  -234.85
21
   -33.04
31
    87.20
12
  -234.85
22
   -29.54
32
    87.20
13
  -257.64
23
   -29.54
33
    87.20
999
W6
0
3DFACE
8
W1
10
  -257.64
20
   -33.04
30
    85.70
11
  -234.85
21
   -33.04
31
    85.70
12
  -234.85
22
   -33.04
32
    87.20
13
  -257.64
23
   -33.04
33
    87.20
999
W6
0
3DFACE
8
W1
10
  -234.85
20
   -29.54
30
    85.70
11
  -257.64
21
   -29.54
31
    85.70
12
  -257.64
22
   -29.54
32
    87.20
13
  -234.85
23
   -29.54
33
    87.20
999
W6
0
3DFACE
8
W1
10
  -234.85
20
   -33.04
30
    87.27
11
  -257.64
21
   -33.04
31
    87.27
12
  -257.64
22
   -29.54
32
    87.27
13
  -234.85
23
   -29.54
33
    87.27
999
W6
0
3DFACE
8
W1
10
  -234.85
20
   -33.04
30
    88.77
11
  -257.64
21
   -33.04
31
    88.77
12
  -257.64
22
   -33.04
32
    87.27
13
  -234.85
23
   -33.04
33
    87.27
999
W6
0
3DFACE
8
W1
10
  -257.64
20
   -29.54
30
    88.77
11
  -234.85
21
   -29.54
31
    88.77
12
  -234.85
22
   -29.54
32
    87.27
13
  -257.64
23
   -29.54
33
    87.27
999
W6
0
3DFACE
8
W1
10
  -280.43
20
   -33.04
30
    87.20
11
  -257.64
21
   -33.04
31
    87.20
12
  -257.64
22
   -29.54
32
    87.20
13
  -280.43
23
   -29.54
33
    87.20
999
W6
0
3DFACE
8
W1
10
  -280.43
20
   -33.04
30
    85.70
11
  -257.64
21
   -33.04
31
    85.70
12
  -257.64
22
   -33.04
32
    87.20
13
  -280.43
23
   -33.04
33
    87.20
999
W6
0
3DFACE
8
W1
10
  -257.64
20
   -29.54
30
    85.70
11
  -280.43
21
   -29.54
31
    85.70
12
  -280.43
22
   -29.54
32
    87.20
13
  -257.64
23
   -29.54
33
    87.20
999
W6
0
3DFACE
8
W1
10
  -303.22
20
   -33.04
30
    87.20
11
  -280.43
21
   -33.04
31
    87.20
12
  -280.43
22
   -29.54
32
    87.20
13
  -303.22
23
   -29.54
33
    87.20
999
W6
0
3DFACE
8
W1
10
  -303.22
20
   -33.04
30
    85.70
11
  -280.43
21
   -33.04
31
    85.70
12
  -280.43
22
   -33.04
32
    87.20
13
  -303.22
23
   -33.04
33
    87.20
999
W6
0
3DFACE
8
W1
10
  -280.43
20
   -29.54
30
    85.70
11
  -303.22
21
   -29.54
31
    85.70
12
  -303.22
22
   -29.54
32
    87.20
13
  -280.43
23
   -29.54
33
    87.20
999
W6
0
3DFACE
8
W1
10
  -236.11
20
   -33.04
30
   108.44
11
  -256.02
21
   -33.04
31
    87.27
12
  -256.02
22
   -29.54
32
    87.27
13
  -236.11
23
   -29.54
33
   108.44
999
W6
0
3DFACE
8
W1
10
  -237.20
20
   -33.04
30
   109.47
11
  -257.11
21
   -33.04
31
    88.29
12
  -256.02
22
   -33.04
32
    87.27
13
  -236.11
23
   -33.04
33
   108.44
999
W6
0
3DFACE
8
W1
10
  -257.11
20
   -29.54
30
    88.29
11
  -237.20
21
   -29.54
31
   109.47
12
  -236.11
22
   -29.54
32
   108.44
13
  -256.02
23
   -29.54
33
    87.27
999
W6
0
3DFACE
8
W1
10
  -256.02
20
   -33.04
30
    87.20
11
  -234.85
21
   -33.04
31
    44.26
12
  -234.85
22
   -29.54
32
    44.26
13
  -256.02
23
   -29.54
33
    87.20
999
W6
0
3DFACE
8
W1
10
  -257.37
20
   -33.04
30
    86.54
11
  -236.19
21
   -33.04
31
    43.59
12
  -234.85
22
   -33.04
32
    44.26
13
  -256.02
23
   -33.04
33
    87.20
999
W6
0
3DFACE
8
W1
10
  -236.19
20
   -29.54
30
    43.59
11
  -257.37
21
   -29.54
31
    86.54
12
  -256.02
22
   -29.54
32
    87.20
13
  -234.85
23
   -29.54
33
    44.26
999
W6
0
3DFACE
8
W1
10
  -236.51
20
   -33.04
30
    43.60
11
  -256.02
21
   -33.04
31
     0.00
12
  -256.02
22
   -29.54
32
    -0.00
13
  -236.51
23
   -29.54
33
    43.60
999
W6
0
3DFACE
8
W1
10
  -237.87
20
   -33.04
30
    44.21
11
  -257.39
21
   -33.04
31
     0.61
12
  -256.02
22
   -33.04
32
     0.00
13
  -236.51
23
   -33.04
33
    43.60
999
W6
0
3DFACE
8
W1
10
  -257.39
20
   -29.54
30
     0.61
11
  -237.87
21
   -29.54
31
    44.21
12
  -236.51
22
   -29.54
32
    43.60
13
  -256.02
23
   -29.54
33
    -0.00
999
W6
0
TEXT
8
W1t
10
 -269.04
20
  -33.04
30
  134.74
40
120
1
W6
999
W6
0
3DFACE
8
W1
10
  -395.72
20
  -170.04
30
     0.00
11
  -306.85
21
  -170.04
31
     0.00
12
  -306.85
22
  -173.54
32
     0.00
13
  -395.72
23
  -173.54
33
     0.00
999
W-6
0
3DFACE
8
W1
10
  -395.72
20
  -170.04
30
     1.50
11
  -306.85
21
  -170.04
31
     1.50
12
  -306.85
22
  -170.04
32
     0.00
13
  -395.72
23
  -170.04
33
     0.00
999
W-6
0
3DFACE
8
W1
10
  -306.85
20
  -173.54
30
     1.50
11
  -395.72
21
  -173.54
31
     1.50
12
  -395.72
22
  -173.54
32
     0.00
13
  -306.85
23
  -173.54
33
     0.00
999
W-6
0
3DFACE
8
W1
10
  -306.85
20
  -170.04
30
     0.00
11
  -306.85
21
  -170.04
31
   164.48
12
  -306.85
22
  -173.54
32
   164.48
13
  -306.85
23
  -173.54
33
     0.00
999
W-6
0
3DFACE
8
W1
10
  -308.35
20
  -170.04
30
     0.00
11
  -308.35
21
  -170.04
31
   164.48
12
  -306.85
22
  -170.04
32
   164.48
13
  -306.85
23
  -170.04
33
     0.00
999
W-6
0
3DFACE
8
W1
10
  -308.35
20
  -173.54
30
   164.48
11
  -308.35
21
  -173.54
31
     0.00
12
  -306.85
22
  -173.54
32
     0.00
13
  -306.85
23
  -173.54
33
   164.48
999
W-6
0
3DFACE
8
W1
10
  -306.85
20
  -170.04
30
   164.48
11
  -395.72
21
  -170.04
31
   120.03
12
  -395.72
22
  -173.54
32
   120.03
13
  -306.85
23
  -173.54
33
   164.48
999
W-6
0
3DFACE
8
W1
10
  -306.18
20
  -170.04
30
   163.14
11
  -395.05
21
  -170.04
31
   118.69
12
  -395.72
22
  -170.04
32
   120.03
13
  -306.85
23
  -170.04
33
   164.48
999
W-6
0
3DFACE
8
W1
10
  -395.05
20
  -173.54
30
   118.69
11
  -306.18
21
  -173.54
31
   163.14
12
  -306.85
22
  -173.54
32
   164.48
13
  -395.72
23
  -173.54
33
   120.03
999
W-6
0
3DFACE
8
W1
10
  -395.72
20
  -170.04
30
   120.03
11
  -395.72
21
  -170.04
31
     0.00
12
  -395.72
22
  -173.54
32
     0.00
13
  -395.72
23
  -173.54
33
   120.03
999
W-6
0
3DFACE
8
W1
10
  -394.22
20
  -170.04
30
   120.03
11
  -394.22
21
  -170.04
31
     0.00
12
  -395.72
22
  -170.04
32
     0.00
13
  -395.72
23
  -170.04
33
   120.03
999
W-6
0
3DFACE
8
W1
10
  -394.22
20
  -173.54
30
     0.00
11
  -394.22
21
  -173.54
31
   120.03
12
  -395.72
22
  -173.54
32
   120.03
13
  -395.72
23
  -173.54
33
     0.00
999
W-6
0
3DFACE
8
W1
10
  -327.22
20
  -170.04
30
   154.29
11
  -327.22
21
  -170.04
31
     0.00
12
  -327.22
22
  -173.54
32
     0.00
13
  -327.22
23
  -173.54
33
   154.29
999
W-6
0
3DFACE
8
W1
10
  -325.72
20
  -170.04
30
   154.29
11
  -325.72
21
  -170.04
31
     0.00
12
  -327.22
22
  -170.04
32
     0.00
13
  -327.22
23
  -170.04
33
   154.29
999
W-6
0
3DFACE
8
W1
10
  -325.72
20
  -173.54
30
     0.00
11
  -325.72
21
  -173.54
31
   154.29
12
  -327.22
22
  -173.54
32
   154.29
13
  -327.22
23
  -173.54
33
     0.00
999
W-6
0
3DFACE
8
W1
10
  -375.22
20
  -170.04
30
    79.00
11
  -327.22
21
  -170.04
31
    79.00
12
  -327.22
22
  -173.54
32
    79.00
13
  -375.22
23
  -173.54
33
    79.00
999
W-6
0
3DFACE
8
W1
10
  -375.22
20
  -170.04
30
    80.50
11
  -327.22
21
  -170.04
31
    80.50
12
  -327.22
22
  -170.04
32
    79.00
13
  -375.22
23
  -170.04
33
    79.00
999
W-6
0
3DFACE
8
W1
10
  -327.22
20
  -173.54
30
    80.50
11
  -375.22
21
  -173.54
31
    80.50
12
  -375.22
22
  -173.54
32
    79.00
13
  -327.22
23
  -173.54
33
    79.00
999
W-6
0
3DFACE
8
W1
10
  -375.22
20
  -170.04
30
     0.00
11
  -375.22
21
  -170.04
31
   130.28
12
  -375.22
22
  -173.54
32
   130.28
13
  -375.22
23
  -173.54
33
     0.00
999
W-6
0
3DFACE
8
W1
10
  -376.72
20
  -170.04
30
     0.00
11
  -376.72
21
  -170.04
31
   130.28
12
  -375.22
22
  -170.04
32
   130.28
13
  -375.22
23
  -170.04
33
     0.00
999
W-6
0
3DFACE
8
W1
10
  -376.72
20
  -173.54
30
   130.28
11
  -376.72
21
  -173.54
31
     0.00
12
  -375.22
22
  -173.54
32
     0.00
13
  -375.22
23
  -173.54
33
   130.28
999
W-6
0
3DFACE
8
W1
10
  -323.29
20
  -170.04
30
     0.00
11
  -323.29
21
  -170.04
31
   156.26
12
  -323.29
22
  -173.54
32
   156.26
13
  -323.29
23
  -173.54
33
     0.00
999
W-6
0
3DFACE
8
W1
10
  -324.79
20
  -170.04
30
     0.00
11
  -324.79
21
  -170.04
31
   156.26
12
  -323.29
22
  -170.04
32
   156.26
13
  -323.29
23
  -170.04
33
     0.00
999
W-6
0
3DFACE
8
W1
10
  -324.79
20
  -173.54
30
   156.26
11
  -324.79
21
  -173.54
31
     0.00
12
  -323.29
22
  -173.54
32
     0.00
13
  -323.29
23
  -173.54
33
   156.26
999
W-6
0
3DFACE
8
W1
10
  -379.16
20
  -170.04
30
   128.31
11
  -379.16
21
  -170.04
31
     0.00
12
  -379.16
22
  -173.54
32
     0.00
13
  -379.16
23
  -173.54
33
   128.31
999
W-6
0
3DFACE
8
W1
10
  -377.66
20
  -170.04
30
   128.31
11
  -377.66
21
  -170.04
31
     0.00
12
  -379.16
22
  -170.04
32
     0.00
13
  -379.16
23
  -170.04
33
   128.31
999
W-6
0
3DFACE
8
W1
10
  -377.66
20
  -173.54
30
     0.00
11
  -377.66
21
  -173.54
31
   128.31
12
  -379.16
22
  -173.54
32
   128.31
13
  -379.16
23
  -173.54
33
     0.00
999
W-6
0
3DFACE
8
W1
10
  -375.16
20
  -170.04
30
   130.31
11
  -375.16
21
  -170.04
31
    79.00
12
  -375.16
22
  -173.54
32
    79.00
13
  -375.16
23
  -173.54
33
   130.31
999
W-6
0
3DFACE
8
W1
10
  -373.66
20
  -170.04
30
   130.31
11
  -373.66
21
  -170.04
31
    79.00
12
  -375.16
22
  -170.04
32
    79.00
13
  -375.16
23
  -170.04
33
   130.31
999
W-6
0
3DFACE
8
W1
10
  -373.66
20
  -173.54
30
    79.00
11
  -373.66
21
  -173.54
31
   130.31
12
  -375.16
22
  -173.54
32
   130.31
13
  -375.16
23
  -173.54
33
    79.00
999
W-6
0
3DFACE
8
W1
10
  -327.29
20
  -170.04
30
    79.00
11
  -327.29
21
  -170.04
31
   154.26
12
  -327.29
22
  -173.54
32
   154.26
13
  -327.29
23
  -173.54
33
    79.00
999
W-6
0
3DFACE
8
W1
10
  -328.79
20
  -170.04
30
    79.00
11
  -328.79
21
  -170.04
31
   154.26
12
  -327.29
22
  -170.04
32
   154.26
13
  -327.29
23
  -170.04
33
    79.00
999
W-6
0
3DFACE
8
W1
10
  -328.79
20
  -173.54
30
   154.26
11
  -328.79
21
  -173.54
31
    79.00
12
  -327.29
22
  -173.54
32
    79.00
13
  -327.29
23
  -173.54
33
   154.26
999
W-6
0
3DFACE
8
W1
10
  -327.29
20
  -170.04
30
    91.00
11
  -375.16
21
  -170.04
31
    91.00
12
  -375.16
22
  -173.54
32
    91.00
13
  -327.29
23
  -173.54
33
    91.00
999
W-6
0
3DFACE
8
W1
10
  -327.29
20
  -170.04
30
    89.50
11
  -375.16
21
  -170.04
31
    89.50
12
  -375.16
22
  -170.04
32
    91.00
13
  -327.29
23
  -170.04
33
    91.00
999
W-6
0
3DFACE
8
W1
10
  -375.16
20
  -173.54
30
    89.50
11
  -327.29
21
  -173.54
31
    89.50
12
  -327.29
22
  -173.54
32
    91.00
13
  -375.16
23
  -173.54
33
    91.00
999
W-6
0
3DFACE
8
W1
10
  -367.90
20
  -170.04
30
    91.00
11
  -373.19
21
  -170.04
31
    79.00
12
  -373.19
22
  -173.54
32
    79.00
13
  -367.90
23
  -173.54
33
    91.00
999
W-6
0
3DFACE
8
W1
10
  -366.53
20
  -170.04
30
    90.39
11
  -371.82
21
  -170.04
31
    78.39
12
  -373.19
22
  -170.04
32
    79.00
13
  -367.90
23
  -170.04
33
    91.00
999
W-6
0
3DFACE
8
W1
10
  -371.82
20
  -173.54
30
    78.39
11
  -366.53
21
  -173.54
31
    90.39
12
  -367.90
22
  -173.54
32
    91.00
13
  -373.19
23
  -173.54
33
    79.00
999
W-6
0
3DFACE
8
W1
10
  -366.66
20
  -170.04
30
   134.57
11
  -366.66
21
  -170.04
31
    91.00
12
  -366.66
22
  -173.54
32
    91.00
13
  -366.66
23
  -173.54
33
   134.57
999
W-6
0
3DFACE
8
W1
10
  -365.16
20
  -170.04
30
   134.57
11
  -365.16
21
  -170.04
31
    91.00
12
  -366.66
22
  -170.04
32
    91.00
13
  -366.66
23
  -170.04
33
   134.57
999
W-6
0
3DFACE
8
W1
10
  -365.16
20
  -173.54
30
    91.00
11
  -365.16
21
  -173.54
31
   134.57
12
  -366.66
22
  -173.54
32
   134.57
13
  -366.66
23
  -173.54
33
    91.00
999
W-6
0
3DFACE
8
W1
10
  -358.62
20
  -170.04
30
    79.00
11
  -363.91
21
  -170.04
31
    91.00
12
  -363.91
22
  -173.54
32
    91.00
13
  -358.62
23
  -173.54
33
    79.00
999
W-6
0
3DFACE
8
W1
10
  -360.00
20
  -170.04
30
    78.39
11
  -365.29
21
  -170.04
31
    90.39
12
  -363.91
22
  -170.04
32
    91.00
13
  -358.62
23
  -170.04
33
    79.00
999
W-6
0
3DFACE
8
W1
10
  -365.29
20
  -173.54
30
    90.39
11
  -360.00
21
  -173.54
31
    78.39
12
  -358.62
22
  -173.54
32
    79.00
13
  -363.91
23
  -173.54
33
    91.00
999
W-6
0
3DFACE
8
W1
10
  -353.22
20
  -170.04
30
    91.00
11
  -358.51
21
  -170.04
31
    79.00
12
  -358.51
22
  -173.54
32
    79.00
13
  -353.22
23
  -173.54
33
    91.00
999
W-6
0
3DFACE
8
W1
10
  -351.84
20
  -170.04
30
    90.39
11
  -357.13
21
  -170.04
31
    78.39
12
  -358.51
22
  -170.04
32
    79.00
13
  -353.22
23
  -170.04
33
    91.00
999
W-6
0
3DFACE
8
W1
10
  -357.13
20
  -173.54
30
    78.39
11
  -351.84
21
  -173.54
31
    90.39
12
  -353.22
22
  -173.54
32
    91.00
13
  -358.51
23
  -173.54
33
    79.00
999
W-6
0
3DFACE
8
W1
10
  -351.97
20
  -170.04
30
   141.91
11
  -351.97
21
  -170.04
31
    91.00
12
  -351.97
22
  -173.54
32
    91.00
13
  -351.97
23
  -173.54
33
   141.91
999
W-6
0
3DFACE
8
W1
10
  -350.47
20
  -170.04
30
   141.91
11
  -350.47
21
  -170.04
31
    91.00
12
  -351.97
22
  -170.04
32
    91.00
13
  -351.97
23
  -170.04
33
   141.91
999
W-6
0
3DFACE
8
W1
10
  -350.47
20
  -173.54
30
    91.00
11
  -350.47
21
  -173.54
31
   141.91
12
  -351.97
22
  -173.54
32
   141.91
13
  -351.97
23
  -173.54
33
    91.00
999
W-6
0
3DFACE
8
W1
10
  -343.94
20
  -170.04
30
    79.00
11
  -349.23
21
  -170.04
31
    91.00
12
  -349.23
22
  -173.54
32
    91.00
13
  -343.94
23
  -173.54
33
    79.00
999
W-6
0
3DFACE
8
W1
10
  -345.31
20
  -170.04
30
    78.39
11
  -350.60
21
  -170.04
31
    90.39
12
  -349.23
22
  -170.04
32
    91.00
13
  -343.94
23
  -170.04
33
    79.00
999
W-6
0
3DFACE
8
W1
10
  -350.60
20
  -173.54
30
    90.39
11
  -345.31
21
  -173.54
31
    78.39
12
  -343.94
22
  -173.54
32
    79.00
13
  -349.23
23
  -173.54
33
    91.00
999
W-6
0
3DFACE
8
W1
10
  -338.53
20
  -170.04
30
    91.00
11
  -343.82
21
  -170.04
31
    79.00
12
  -343.82
22
  -173.54
32
    79.00
13
  -338.53
23
  -173.54
33
    91.00
999
W-6
0
3DFACE
8
W1
10
  -337.16
20
  -170.04
30
    90.39
11
  -342.45
21
  -170.04
31
    78.39
12
  -343.82
22
  -170.04
32
    79.00
13
  -338.53
23
  -170.04
33
    91.00
999
W-6
0
3DFACE
8
W1
10
  -342.45
20
  -173.54
30
    78.39
11
  -337.16
21
  -173.54
31
    90.39
12
  -338.53
22
  -173.54
32
    91.00
13
  -343.82
23
  -173.54
33
    79.00
999
W-6
0
3DFACE
8
W1
10
  -337.29
20
  -170.04
30
   149.25
11
  -337.29
21
  -170.04
31
    91.00
12
  -337.29
22
  -173.54
32
    91.00
13
  -337.29
23
  -173.54
33
   149.25
999
W-6
0
3DFACE
8
W1
10
  -335.79
20
  -170.04
30
   149.25
11
  -335.79
21
  -170.04
31
    91.00
12
  -337.29
22
  -170.04
32
    91.00
13
  -337.29
23
  -170.04
33
   149.25
999
W-6
0
3DFACE
8
W1
10
  -335.79
20
  -173.54
30
    91.00
11
  -335.79
21
  -173.54
31
   149.25
12
  -337.29
22
  -173.54
32
   149.25
13
  -337.29
23
  -173.54
33
    91.00
999
W-6
0
3DFACE
8
W1
10
  -329.26
20
  -170.04
30
    79.00
11
  -334.55
21
  -170.04
31
    91.00
12
  -334.55
22
  -173.54
32
    91.00
13
  -329.26
23
  -173.54
33
    79.00
999
W-6
0
3DFACE
8
W1
10
  -330.63
20
  -170.04
30
    78.39
11
  -335.92
21
  -170.04
31
    90.39
12
  -334.55
22
  -170.04
32
    91.00
13
  -329.26
23
  -170.04
33
    79.00
999
W-6
0
3DFACE
8
W1
10
  -335.92
20
  -173.54
30
    90.39
11
  -330.63
21
  -173.54
31
    78.39
12
  -329.26
22
  -173.54
32
    79.00
13
  -334.55
23
  -173.54
33
    91.00
999
W-6
0
3DFACE
8
W1
10
  -379.16
20
  -170.04
30
    41.12
11
  -395.72
21
  -170.04
31
    41.12
12
  -395.72
22
  -173.54
32
    41.12
13
  -379.16
23
  -173.54
33
    41.12
999
W-6
0
3DFACE
8
W1
10
  -379.16
20
  -170.04
30
    39.62
11
  -395.72
21
  -170.04
31
    39.62
12
  -395.72
22
  -170.04
32
    41.12
13
  -379.16
23
  -170.04
33
    41.12
999
W-6
0
3DFACE
8
W1
10
  -395.72
20
  -173.54
30
    39.62
11
  -379.16
21
  -173.54
31
    39.62
12
  -379.16
22
  -173.54
32
    41.12
13
  -395.72
23
  -173.54
33
    41.12
999
W-6
0
3DFACE
8
W1
10
  -375.22
20
  -170.04
30
    41.12
11
  -379.16
21
  -170.04
31
    41.12
12
  -379.16
22
  -173.54
32
    41.12
13
  -375.22
23
  -173.54
33
    41.12
999
W-6
0
3DFACE
8
W1
10
  -375.22
20
  -170.04
30
    39.62
11
  -379.16
21
  -170.04
31
    39.62
12
  -379.16
22
  -170.04
32
    41.12
13
  -375.22
23
  -170.04
33
    41.12
999
W-6
0
3DFACE
8
W1
10
  -379.16
20
  -173.54
30
    39.62
11
  -375.22
21
  -173.54
31
    39.62
12
  -375.22
22
  -173.54
32
    41.12
13
  -379.16
23
  -173.54
33
    41.12
999
W-6
0
3DFACE
8
W1
10
  -323.29
20
  -170.04
30
    41.12
11
  -327.22
21
  -170.04
31
    41.12
12
  -327.22
22
  -173.54
32
    41.12
13
  -323.29
23
  -173.54
33
    41.12
999
W-6
0
3DFACE
8
W1
10
  -323.29
20
  -170.04
30
    39.62
11
  -327.22
21
  -170.04
31
    39.62
12
  -327.22
22
  -170.04
32
    41.12
13
  -323.29
23
  -170.04
33
    41.12
999
W-6
0
3DFACE
8
W1
10
  -327.22
20
  -173.54
30
    39.62
11
  -323.29
21
  -173.54
31
    39.62
12
  -323.29
22
  -173.54
32
    41.12
13
  -327.22
23
  -173.54
33
    41.12
999
W-6
0
3DFACE
8
W1
10
  -306.85
20
  -170.04
30
    41.12
11
  -323.29
21
  -170.04
31
    41.12
12
  -323.29
22
  -173.54
32
    41.12
13
  -306.85
23
  -173.54
33
    41.12
999
W-6
0
3DFACE
8
W1
10
  -306.85
20
  -170.04
30
    39.62
11
  -323.29
21
  -170.04
31
    39.62
12
  -323.29
22
  -170.04
32
    41.12
13
  -306.85
23
  -170.04
33
    41.12
999
W-6
0
3DFACE
8
W1
10
  -323.29
20
  -173.54
30
    39.62
11
  -306.85
21
  -173.54
31
    39.62
12
  -306.85
22
  -173.54
32
    41.12
13
  -323.29
23
  -173.54
33
    41.12
999
W-6
0
3DFACE
8
W1
10
  -379.16
20
  -170.04
30
    82.24
11
  -395.72
21
  -170.04
31
    82.24
12
  -395.72
22
  -173.54
32
    82.24
13
  -379.16
23
  -173.54
33
    82.24
999
W-6
0
3DFACE
8
W1
10
  -379.16
20
  -170.04
30
    80.74
11
  -395.72
21
  -170.04
31
    80.74
12
  -395.72
22
  -170.04
32
    82.24
13
  -379.16
23
  -170.04
33
    82.24
999
W-6
0
3DFACE
8
W1
10
  -395.72
20
  -173.54
30
    80.74
11
  -379.16
21
  -173.54
31
    80.74
12
  -379.16
22
  -173.54
32
    82.24
13
  -395.72
23
  -173.54
33
    82.24
999
W-6
0
3DFACE
8
W1
10
  -395.72
20
  -170.04
30
    82.30
11
  -379.16
21
  -170.04
31
    82.30
12
  -379.16
22
  -173.54
32
    82.30
13
  -395.72
23
  -173.54
33
    82.30
999
W-6
0
3DFACE
8
W1
10
  -395.72
20
  -170.04
30
    83.80
11
  -379.16
21
  -170.04
31
    83.80
12
  -379.16
22
  -170.04
32
    82.30
13
  -395.72
23
  -170.04
33
    82.30
999
W-6
0
3DFACE
8
W1
10
  -379.16
20
  -173.54
30
    83.80
11
  -395.72
21
  -173.54
31
    83.80
12
  -395.72
22
  -173.54
32
    82.30
13
  -379.16
23
  -173.54
33
    82.30
999
W-6
0
3DFACE
8
W1
10
  -375.22
20
  -170.04
30
    82.24
11
  -379.16
21
  -170.04
31
    82.24
12
  -379.16
22
  -173.54
32
    82.24
13
  -375.22
23
  -173.54
33
    82.24
999
W-6
0
3DFACE
8
W1
10
  -375.22
20
  -170.04
30
    80.74
11
  -379.16
21
  -170.04
31
    80.74
12
  -379.16
22
  -170.04
32
    82.24
13
  -375.22
23
  -170.04
33
    82.24
999
W-6
0
3DFACE
8
W1
10
  -379.16
20
  -173.54
30
    80.74
11
  -375.22
21
  -173.54
31
    80.74
12
  -375.22
22
  -173.54
32
    82.24
13
  -379.16
23
  -173.54
33
    82.24
999
W-6
0
3DFACE
8
W1
10
  -323.29
20
  -170.04
30
    82.24
11
  -327.22
21
  -170.04
31
    82.24
12
  -327.22
22
  -173.54
32
    82.24
13
  -323.29
23
  -173.54
33
    82.24
999
W-6
0
3DFACE
8
W1
10
  -323.29
20
  -170.04
30
    80.74
11
  -327.22
21
  -170.04
31
    80.74
12
  -327.22
22
  -170.04
32
    82.24
13
  -323.29
23
  -170.04
33
    82.24
999
W-6
0
3DFACE
8
W1
10
  -327.22
20
  -173.54
30
    80.74
11
  -323.29
21
  -173.54
31
    80.74
12
  -323.29
22
  -173.54
32
    82.24
13
  -327.22
23
  -173.54
33
    82.24
999
W-6
0
3DFACE
8
W1
10
  -306.85
20
  -170.04
30
    82.24
11
  -323.29
21
  -170.04
31
    82.24
12
  -323.29
22
  -173.54
32
    82.24
13
  -306.85
23
  -173.54
33
    82.24
999
W-6
0
3DFACE
8
W1
10
  -306.85
20
  -170.04
30
    80.74
11
  -323.29
21
  -170.04
31
    80.74
12
  -323.29
22
  -170.04
32
    82.24
13
  -306.85
23
  -170.04
33
    82.24
999
W-6
0
3DFACE
8
W1
10
  -323.29
20
  -173.54
30
    80.74
11
  -306.85
21
  -173.54
31
    80.74
12
  -306.85
22
  -173.54
32
    82.24
13
  -323.29
23
  -173.54
33
    82.24
999
W-6
0
3DFACE
8
W1
10
  -375.22
20
  -170.04
30
   123.36
11
  -379.16
21
  -170.04
31
   123.36
12
  -379.16
22
  -173.54
32
   123.36
13
  -375.22
23
  -173.54
33
   123.36
999
W-6
0
3DFACE
8
W1
10
  -375.22
20
  -170.04
30
   121.86
11
  -379.16
21
  -170.04
31
   121.86
12
  -379.16
22
  -170.04
32
   123.36
13
  -375.22
23
  -170.04
33
   123.36
999
W-6
0
3DFACE
8
W1
10
  -379.16
20
  -173.54
30
   121.86
11
  -375.22
21
  -173.54
31
   121.86
12
  -375.22
22
  -173.54
32
   123.36
13
  -379.16
23
  -173.54
33
   123.36
999
W-6
0
3DFACE
8
W1
10
  -366.66
20
  -170.04
30
   123.36
11
  -375.16
21
  -170.04
31
   123.36
12
  -375.16
22
  -173.54
32
   123.36
13
  -366.66
23
  -173.54
33
   123.36
999
W-6
0
3DFACE
8
W1
10
  -366.66
20
  -170.04
30
   121.86
11
  -375.16
21
  -170.04
31
   121.86
12
  -375.16
22
  -170.04
32
   123.36
13
  -366.66
23
  -170.04
33
   123.36
999
W-6
0
3DFACE
8
W1
10
  -375.16
20
  -173.54
30
   121.86
11
  -366.66
21
  -173.54
31
   121.86
12
  -366.66
22
  -173.54
32
   123.36
13
  -375.16
23
  -173.54
33
   123.36
999
W-6
0
3DFACE
8
W1
10
  -351.97
20
  -170.04
30
   123.36
11
  -366.66
21
  -170.04
31
   123.36
12
  -366.66
22
  -173.54
32
   123.36
13
  -351.97
23
  -173.54
33
   123.36
999
W-6
0
3DFACE
8
W1
10
  -351.97
20
  -170.04
30
   121.86
11
  -366.66
21
  -170.04
31
   121.86
12
  -366.66
22
  -170.04
32
   123.36
13
  -351.97
23
  -170.04
33
   123.36
999
W-6
0
3DFACE
8
W1
10
  -366.66
20
  -173.54
30
   121.86
11
  -351.97
21
  -173.54
31
   121.86
12
  -351.97
22
  -173.54
32
   123.36
13
  -366.66
23
  -173.54
33
   123.36
999
W-6
0
3DFACE
8
W1
10
  -337.29
20
  -170.04
30
   123.36
11
  -351.97
21
  -170.04
31
   123.36
12
  -351.97
22
  -173.54
32
   123.36
13
  -337.29
23
  -173.54
33
   123.36
999
W-6
0
3DFACE
8
W1
10
  -337.29
20
  -170.04
30
   121.86
11
  -351.97
21
  -170.04
31
   121.86
12
  -351.97
22
  -170.04
32
   123.36
13
  -337.29
23
  -170.04
33
   123.36
999
W-6
0
3DFACE
8
W1
10
  -351.97
20
  -173.54
30
   121.86
11
  -337.29
21
  -173.54
31
   121.86
12
  -337.29
22
  -173.54
32
   123.36
13
  -351.97
23
  -173.54
33
   123.36
999
W-6
0
3DFACE
8
W1
10
  -327.29
20
  -170.04
30
   123.36
11
  -337.29
21
  -170.04
31
   123.36
12
  -337.29
22
  -173.54
32
   123.36
13
  -327.29
23
  -173.54
33
   123.36
999
W-6
0
3DFACE
8
W1
10
  -327.29
20
  -170.04
30
   121.86
11
  -337.29
21
  -170.04
31
   121.86
12
  -337.29
22
  -170.04
32
   123.36
13
  -327.29
23
  -170.04
33
   123.36
999
W-6
0
3DFACE
8
W1
10
  -337.29
20
  -173.54
30
   121.86
11
  -327.29
21
  -173.54
31
   121.86
12
  -327.29
22
  -173.54
32
   123.36
13
  -337.29
23
  -173.54
33
   123.36
999
W-6
0
3DFACE
8
W1
10
  -323.29
20
  -170.04
30
   123.36
11
  -327.22
21
  -170.04
31
   123.36
12
  -327.22
22
  -173.54
32
   123.36
13
  -323.29
23
  -173.54
33
   123.36
999
W-6
0
3DFACE
8
W1
10
  -323.29
20
  -170.04
30
   121.86
11
  -327.22
21
  -170.04
31
   121.86
12
  -327.22
22
  -170.04
32
   123.36
13
  -323.29
23
  -170.04
33
   123.36
999
W-6
0
3DFACE
8
W1
10
  -327.22
20
  -173.54
30
   121.86
11
  -323.29
21
  -173.54
31
   121.86
12
  -323.29
22
  -173.54
32
   123.36
13
  -327.22
23
  -173.54
33
   123.36
999
W-6
0
3DFACE
8
W1
10
  -306.85
20
  -170.04
30
   123.36
11
  -323.29
21
  -170.04
31
   123.36
12
  -323.29
22
  -173.54
32
   123.36
13
  -306.85
23
  -173.54
33
   123.36
999
W-6
0
3DFACE
8
W1
10
  -306.85
20
  -170.04
30
   121.86
11
  -323.29
21
  -170.04
31
   121.86
12
  -323.29
22
  -170.04
32
   123.36
13
  -306.85
23
  -170.04
33
   123.36
999
W-6
0
3DFACE
8
W1
10
  -323.29
20
  -173.54
30
   121.86
11
  -306.85
21
  -173.54
31
   121.86
12
  -306.85
22
  -173.54
32
   123.36
13
  -323.29
23
  -173.54
33
   123.36
999
W-6
0
3DFACE
8
W1
10
  -394.31
20
  -170.04
30
   120.74
11
  -380.78
21
  -170.04
31
    82.30
12
  -380.78
22
  -173.54
32
    82.30
13
  -394.31
23
  -173.54
33
   120.74
999
W-6
0
3DFACE
8
W1
10
  -392.90
20
  -170.04
30
   121.23
11
  -379.36
21
  -170.04
31
    82.80
12
  -380.78
22
  -170.04
32
    82.30
13
  -394.31
23
  -170.04
33
   120.74
999
W-6
0
3DFACE
8
W1
10
  -379.36
20
  -173.54
30
    82.80
11
  -392.90
21
  -173.54
31
   121.23
12
  -394.31
22
  -173.54
32
   120.74
13
  -380.78
23
  -173.54
33
    82.30
999
W-6
0
3DFACE
8
W1
10
  -380.78
20
  -170.04
30
    82.24
11
  -395.72
21
  -170.04
31
    41.63
12
  -395.72
22
  -173.54
32
    41.63
13
  -380.78
23
  -173.54
33
    82.24
999
W-6
0
3DFACE
8
W1
10
  -379.37
20
  -170.04
30
    81.72
11
  -394.32
21
  -170.04
31
    41.11
12
  -395.72
22
  -170.04
32
    41.63
13
  -380.78
23
  -170.04
33
    82.24
999
W-6
0
3DFACE
8
W1
10
  -394.32
20
  -173.54
30
    41.11
11
  -379.37
21
  -173.54
31
    81.72
12
  -380.78
22
  -173.54
32
    82.24
13
  -395.72
23
  -173.54
33
    41.63
999
W-6
0
3DFACE
8
W1
10
  -394.07
20
  -170.04
30
    41.12
11
  -380.78
21
  -170.04
31
     0.00
12
  -380.78
22
  -173.54
32
     0.00
13
  -394.07
23
  -173.54
33
    41.12
999
W-6
0
3DFACE
8
W1
10
  -392.64
20
  -170.04
30
    41.58
11
  -379.35
21
  -170.04
31
     0.46
12
  -380.78
22
  -170.04
32
     0.00
13
  -394.07
23
  -170.04
33
    41.12
999
W-6
0
3DFACE
8
W1
10
  -379.35
20
  -173.54
30
     0.46
11
  -392.64
21
  -173.54
31
    41.58
12
  -394.07
22
  -173.54
32
    41.12
13
  -380.78
23
  -173.54
33
     0.00
999
W-6
0
TEXT
8
W1t
10
 -351.29
20
 -170.04
30
  168.42
40
120
1
W-6
999
W-6
0
3DFACE
8
W1
10
  -303.29
20
   -29.54
30
     0.00
11
  -303.29
21
  -173.54
31
     0.00
12
  -306.79
22
  -173.54
32
     0.00
13
  -306.79
23
   -29.54
33
     0.00
999
W-3
0
3DFACE
8
W1
10
  -303.29
20
   -29.54
30
     1.50
11
  -303.29
21
  -173.54
31
     1.50
12
  -303.29
22
  -173.54
32
     0.00
13
  -303.29
23
   -29.54
33
     0.00
999
W-3
0
3DFACE
8
W1
10
  -306.79
20
  -173.54
30
     1.50
11
  -306.79
21
   -29.54
31
     1.50
12
  -306.79
22
   -29.54
32
     0.00
13
  -306.79
23
  -173.54
33
     0.00
999
W-3
0
3DFACE
8
W1
10
  -303.29
20
  -173.54
30
     0.00
11
  -303.29
21
  -173.54
31
   173.38
12
  -306.79
22
  -173.54
32
   173.38
13
  -306.79
23
  -173.54
33
     0.00
999
W-3
0
3DFACE
8
W1
10
  -303.29
20
  -172.04
30
     0.00
11
  -303.29
21
  -172.04
31
   173.38
12
  -303.29
22
  -173.54
32
   173.38
13
  -303.29
23
  -173.54
33
     0.00
999
W-3
0
3DFACE
8
W1
10
  -306.79
20
  -172.04
30
   173.38
11
  -306.79
21
  -172.04
31
     0.00
12
  -306.79
22
  -173.54
32
     0.00
13
  -306.79
23
  -173.54
33
   173.38
999
W-3
0
3DFACE
8
W1
10
  -303.29
20
  -173.54
30
   173.38
11
  -303.29
21
   -29.54
31
   173.38
12
  -306.79
22
   -29.54
32
   173.38
13
  -306.79
23
  -173.54
33
   173.38
999
W-3
0
3DFACE
8
W1
10
  -303.29
20
  -173.54
30
   171.88
11
  -303.29
21
   -29.54
31
   171.88
12
  -303.29
22
   -29.54
32
   173.38
13
  -303.29
23
  -173.54
33
   173.38
999
W-3
0
3DFACE
8
W1
10
  -306.79
20
   -29.54
30
   171.88
11
  -306.79
21
  -173.54
31
   171.88
12
  -306.79
22
  -173.54
32
   173.38
13
  -306.79
23
   -29.54
33
   173.38
999
W-3
0
3DFACE
8
W1
10
  -303.29
20
   -29.54
30
   173.38
11
  -303.29
21
   -29.54
31
     0.00
12
  -306.79
22
   -29.54
32
     0.00
13
  -306.79
23
   -29.54
33
   173.38
999
W-3
0
3DFACE
8
W1
10
  -303.29
20
   -31.04
30
   173.38
11
  -303.29
21
   -31.04
31
     0.00
12
  -303.29
22
   -29.54
32
     0.00
13
  -303.29
23
   -29.54
33
   173.38
999
W-3
0
3DFACE
8
W1
10
  -306.79
20
   -31.04
30
     0.00
11
  -306.79
21
   -31.04
31
   173.38
12
  -306.79
22
   -29.54
32
   173.38
13
  -306.79
23
   -29.54
33
     0.00
999
W-3
0
3DFACE
8
W1
10
  -303.29
20
  -119.54
30
   173.38
11
  -303.29
21
  -119.54
31
     0.00
12
  -306.79
22
  -119.54
32
     0.00
13
  -306.79
23
  -119.54
33
   173.38
999
W-3
0
3DFACE
8
W1
10
  -303.29
20
  -121.04
30
   173.38
11
  -303.29
21
  -121.04
31
     0.00
12
  -303.29
22
  -119.54
32
     0.00
13
  -303.29
23
  -119.54
33
   173.38
999
W-3
0
3DFACE
8
W1
10
  -306.79
20
  -121.04
30
     0.00
11
  -306.79
21
  -121.04
31
   173.38
12
  -306.79
22
  -119.54
32
   173.38
13
  -306.79
23
  -119.54
33
     0.00
999
W-3
0
3DFACE
8
W1
10
  -303.29
20
   -83.54
30
    79.00
11
  -303.29
21
  -119.54
31
    79.00
12
  -306.79
22
  -119.54
32
    79.00
13
  -306.79
23
   -83.54
33
    79.00
999
W-3
0
3DFACE
8
W1
10
  -303.29
20
   -83.54
30
    80.50
11
  -303.29
21
  -119.54
31
    80.50
12
  -303.29
22
  -119.54
32
    79.00
13
  -303.29
23
   -83.54
33
    79.00
999
W-3
0
3DFACE
8
W1
10
  -306.79
20
  -119.54
30
    80.50
11
  -306.79
21
   -83.54
31
    80.50
12
  -306.79
22
   -83.54
32
    79.00
13
  -306.79
23
  -119.54
33
    79.00
999
W-3
0
3DFACE
8
W1
10
  -303.29
20
   -83.54
30
     0.00
11
  -303.29
21
   -83.54
31
   173.38
12
  -306.79
22
   -83.54
32
   173.38
13
  -306.79
23
   -83.54
33
     0.00
999
W-3
0
3DFACE
8
W1
10
  -303.29
20
   -82.04
30
     0.00
11
  -303.29
21
   -82.04
31
   173.38
12
  -303.29
22
   -83.54
32
   173.38
13
  -303.29
23
   -83.54
33
     0.00
999
W-3
0
3DFACE
8
W1
10
  -306.79
20
   -82.04
30
   173.38
11
  -306.79
21
   -82.04
31
     0.00
12
  -306.79
22
   -83.54
32
     0.00
13
  -306.79
23
   -83.54
33
   173.38
999
W-3
0
3DFACE
8
W1
10
  -303.29
20
   -57.04
30
   173.38
11
  -303.29
21
   -57.04
31
     0.00
12
  -306.79
22
   -57.04
32
     0.00
13
  -306.79
23
   -57.04
33
   173.38
999
W-3
0
3DFACE
8
W1
10
  -303.29
20
   -58.54
30
   173.38
11
  -303.29
21
   -58.54
31
     0.00
12
  -303.29
22
   -57.04
32
     0.00
13
  -303.29
23
   -57.04
33
   173.38
999
W-3
0
3DFACE
8
W1
10
  -306.79
20
   -58.54
30
     0.00
11
  -306.79
21
   -58.54
31
   173.38
12
  -306.79
22
   -57.04
32
   173.38
13
  -306.79
23
   -57.04
33
     0.00
999
W-3
0
3DFACE
8
W1
10
  -303.29
20
  -146.04
30
     0.00
11
  -303.29
21
  -146.04
31
   173.38
12
  -306.79
22
  -146.04
32
   173.38
13
  -306.79
23
  -146.04
33
     0.00
999
W-3
0
3DFACE
8
W1
10
  -303.29
20
  -144.54
30
     0.00
11
  -303.29
21
  -144.54
31
   173.38
12
  -303.29
22
  -146.04
32
   173.38
13
  -303.29
23
  -146.04
33
     0.00
999
W-3
0
3DFACE
8
W1
10
  -306.79
20
  -144.54
30
   173.38
11
  -306.79
21
  -144.54
31
     0.00
12
  -306.79
22
  -146.04
32
     0.00
13
  -306.79
23
  -146.04
33
   173.38
999
W-3
0
3DFACE
8
W1
10
  -303.29
20
  -149.48
30
     0.00
11
  -303.29
21
  -149.48
31
   173.38
12
  -306.79
22
  -149.48
32
   173.38
13
  -306.79
23
  -149.48
33
     0.00
999
W-3
0
3DFACE
8
W1
10
  -303.29
20
  -147.98
30
     0.00
11
  -303.29
21
  -147.98
31
   173.38
12
  -303.29
22
  -149.48
32
   173.38
13
  -303.29
23
  -149.48
33
     0.00
999
W-3
0
3DFACE
8
W1
10
  -306.79
20
  -147.98
30
   173.38
11
  -306.79
21
  -147.98
31
     0.00
12
  -306.79
22
  -149.48
32
     0.00
13
  -306.79
23
  -149.48
33
   173.38
999
W-3
0
3DFACE
8
W1
10
  -303.29
20
  -149.54
30
   173.38
11
  -303.29
21
  -149.54
31
     0.00
12
  -306.79
22
  -149.54
32
     0.00
13
  -306.79
23
  -149.54
33
   173.38
999
W-3
0
3DFACE
8
W1
10
  -303.29
20
  -151.04
30
   173.38
11
  -303.29
21
  -151.04
31
     0.00
12
  -303.29
22
  -149.54
32
     0.00
13
  -303.29
23
  -149.54
33
   173.38
999
W-3
0
3DFACE
8
W1
10
  -306.79
20
  -151.04
30
     0.00
11
  -306.79
21
  -151.04
31
   173.38
12
  -306.79
22
  -149.54
32
   173.38
13
  -306.79
23
  -149.54
33
     0.00
999
W-3
0
3DFACE
8
W1
10
  -303.29
20
   -33.04
30
   173.38
11
  -303.29
21
   -33.04
31
     0.00
12
  -306.79
22
   -33.04
32
     0.00
13
  -306.79
23
   -33.04
33
   173.38
999
W-3
0
3DFACE
8
W1
10
  -303.29
20
   -34.54
30
   173.38
11
  -303.29
21
   -34.54
31
     0.00
12
  -303.29
22
   -33.04
32
     0.00
13
  -303.29
23
   -33.04
33
   173.38
999
W-3
0
3DFACE
8
W1
10
  -306.79
20
   -34.54
30
     0.00
11
  -306.79
21
   -34.54
31
   173.38
12
  -306.79
22
   -33.04
32
   173.38
13
  -306.79
23
   -33.04
33
     0.00
999
W-3
0
3DFACE
8
W1
10
  -303.29
20
  -170.04
30
     0.00
11
  -303.29
21
  -170.04
31
   173.38
12
  -306.79
22
  -170.04
32
   173.38
13
  -306.79
23
  -170.04
33
     0.00
999
W-3
0
3DFACE
8
W1
10
  -303.29
20
  -168.54
30
     0.00
11
  -303.29
21
  -168.54
31
   173.38
12
  -303.29
22
  -170.04
32
   173.38
13
  -303.29
23
  -170.04
33
     0.00
999
W-3
0
3DFACE
8
W1
10
  -306.79
20
  -168.54
30
   173.38
11
  -306.79
21
  -168.54
31
     0.00
12
  -306.79
22
  -170.04
32
     0.00
13
  -306.79
23
  -170.04
33
   173.38
999
W-3
0
3DFACE
8
W1
10
  -303.29
20
   -51.77
30
     0.00
11
  -303.29
21
   -51.77
31
   173.38
12
  -306.79
22
   -51.77
32
   173.38
13
  -306.79
23
   -51.77
33
     0.00
999
W-3
0
3DFACE
8
W1
10
  -303.29
20
   -50.27
30
     0.00
11
  -303.29
21
   -50.27
31
   173.38
12
  -303.29
22
   -51.77
32
   173.38
13
  -303.29
23
   -51.77
33
     0.00
999
W-3
0
3DFACE
8
W1
10
  -306.79
20
   -50.27
30
   173.38
11
  -306.79
21
   -50.27
31
     0.00
12
  -306.79
22
   -51.77
32
     0.00
13
  -306.79
23
   -51.77
33
   173.38
999
W-3
0
3DFACE
8
W1
10
  -303.29
20
   -51.83
30
   173.38
11
  -303.29
21
   -51.83
31
     0.00
12
  -306.79
22
   -51.83
32
     0.00
13
  -306.79
23
   -51.83
33
   173.38
999
W-3
0
3DFACE
8
W1
10
  -303.29
20
   -53.33
30
   173.38
11
  -303.29
21
   -53.33
31
     0.00
12
  -303.29
22
   -51.83
32
     0.00
13
  -303.29
23
   -51.83
33
   173.38
999
W-3
0
3DFACE
8
W1
10
  -306.79
20
   -53.33
30
     0.00
11
  -306.79
21
   -53.33
31
   173.38
12
  -306.79
22
   -51.83
32
   173.38
13
  -306.79
23
   -51.83
33
     0.00
999
W-3
0
3DFACE
8
W1
10
  -303.29
20
   -75.77
30
     0.00
11
  -303.29
21
   -75.77
31
   173.38
12
  -306.79
22
   -75.77
32
   173.38
13
  -306.79
23
   -75.77
33
     0.00
999
W-3
0
3DFACE
8
W1
10
  -303.29
20
   -74.27
30
     0.00
11
  -303.29
21
   -74.27
31
   173.38
12
  -303.29
22
   -75.77
32
   173.38
13
  -303.29
23
   -75.77
33
     0.00
999
W-3
0
3DFACE
8
W1
10
  -306.79
20
   -74.27
30
   173.38
11
  -306.79
21
   -74.27
31
     0.00
12
  -306.79
22
   -75.77
32
     0.00
13
  -306.79
23
   -75.77
33
   173.38
999
W-3
0
3DFACE
8
W1
10
  -303.29
20
   -75.83
30
   173.38
11
  -303.29
21
   -75.83
31
     0.00
12
  -306.79
22
   -75.83
32
     0.00
13
  -306.79
23
   -75.83
33
   173.38
999
W-3
0
3DFACE
8
W1
10
  -303.29
20
   -77.33
30
   173.38
11
  -303.29
21
   -77.33
31
     0.00
12
  -303.29
22
   -75.83
32
     0.00
13
  -303.29
23
   -75.83
33
   173.38
999
W-3
0
3DFACE
8
W1
10
  -306.79
20
   -77.33
30
     0.00
11
  -306.79
21
   -77.33
31
   173.38
12
  -306.79
22
   -75.83
32
   173.38
13
  -306.79
23
   -75.83
33
     0.00
999
W-3
0
3DFACE
8
W1
10
  -303.29
20
   -99.77
30
    91.06
11
  -303.29
21
   -99.77
31
   173.38
12
  -306.79
22
   -99.77
32
   173.38
13
  -306.79
23
   -99.77
33
    91.06
999
W-3
0
3DFACE
8
W1
10
  -303.29
20
   -98.27
30
    91.06
11
  -303.29
21
   -98.27
31
   173.38
12
  -303.29
22
   -99.77
32
   173.38
13
  -303.29
23
   -99.77
33
    91.06
999
W-3
0
3DFACE
8
W1
10
  -306.79
20
   -98.27
30
   173.38
11
  -306.79
21
   -98.27
31
    91.06
12
  -306.79
22
   -99.77
32
    91.06
13
  -306.79
23
   -99.77
33
   173.38
999
W-3
0
3DFACE
8
W1
10
  -303.29
20
   -99.83
30
   173.38
11
  -303.29
21
   -99.83
31
    91.06
12
  -306.79
22
   -99.83
32
    91.06
13
  -306.79
23
   -99.83
33
   173.38
999
W-3
0
3DFACE
8
W1
10
  -303.29
20
  -101.33
30
   173.38
11
  -303.29
21
  -101.33
31
    91.06
12
  -303.29
22
   -99.83
32
    91.06
13
  -303.29
23
   -99.83
33
   173.38
999
W-3
0
3DFACE
8
W1
10
  -306.79
20
  -101.33
30
    91.06
11
  -306.79
21
  -101.33
31
   173.38
12
  -306.79
22
   -99.83
32
   173.38
13
  -306.79
23
   -99.83
33
    91.06
999
W-3
0
3DFACE
8
W1
10
  -303.29
20
  -123.78
30
     0.00
11
  -303.29
21
  -123.78
31
   173.38
12
  -306.79
22
  -123.78
32
   173.38
13
  -306.79
23
  -123.78
33
     0.00
999
W-3
0
3DFACE
8
W1
10
  -303.29
20
  -122.28
30
     0.00
11
  -303.29
21
  -122.28
31
   173.38
12
  -303.29
22
  -123.78
32
   173.38
13
  -303.29
23
  -123.78
33
     0.00
999
W-3
0
3DFACE
8
W1
10
  -306.79
20
  -122.28
30
   173.38
11
  -306.79
21
  -122.28
31
     0.00
12
  -306.79
22
  -123.78
32
     0.00
13
  -306.79
23
  -123.78
33
   173.38
999
W-3
0
3DFACE
8
W1
10
  -303.29
20
  -123.84
30
   173.38
11
  -303.29
21
  -123.84
31
     0.00
12
  -306.79
22
  -123.84
32
     0.00
13
  -306.79
23
  -123.84
33
   173.38
999
W-3
0
3DFACE
8
W1
10
  -303.29
20
  -125.34
30
   173.38
11
  -303.29
21
  -125.34
31
     0.00
12
  -303.29
22
  -123.84
32
     0.00
13
  -303.29
23
  -123.84
33
   173.38
999
W-3
0
3DFACE
8
W1
10
  -306.79
20
  -125.34
30
     0.00
11
  -306.79
21
  -125.34
31
   173.38
12
  -306.79
22
  -123.84
32
   173.38
13
  -306.79
23
  -123.84
33
     0.00
999
W-3
0
3DFACE
8
W1
10
  -303.29
20
   -83.61
30
   173.38
11
  -303.29
21
   -83.61
31
    79.00
12
  -306.79
22
   -83.61
32
    79.00
13
  -306.79
23
   -83.61
33
   173.38
999
W-3
0
3DFACE
8
W1
10
  -303.29
20
   -85.11
30
   173.38
11
  -303.29
21
   -85.11
31
    79.00
12
  -303.29
22
   -83.61
32
    79.00
13
  -303.29
23
   -83.61
33
   173.38
999
W-3
0
3DFACE
8
W1
10
  -306.79
20
   -85.11
30
    79.00
11
  -306.79
21
   -85.11
31
   173.38
12
  -306.79
22
   -83.61
32
   173.38
13
  -306.79
23
   -83.61
33
    79.00
999
W-3
0
3DFACE
8
W1
10
  -303.29
20
  -119.48
30
    79.00
11
  -303.29
21
  -119.48
31
   173.38
12
  -306.79
22
  -119.48
32
   173.38
13
  -306.79
23
  -119.48
33
    79.00
999
W-3
0
3DFACE
8
W1
10
  -303.29
20
  -117.98
30
    79.00
11
  -303.29
21
  -117.98
31
   173.38
12
  -303.29
22
  -119.48
32
   173.38
13
  -303.29
23
  -119.48
33
    79.00
999
W-3
0
3DFACE
8
W1
10
  -306.79
20
  -117.98
30
   173.38
11
  -306.79
21
  -117.98
31
    79.00
12
  -306.79
22
  -119.48
32
    79.00
13
  -306.79
23
  -119.48
33
   173.38
999
W-3
0
3DFACE
8
W1
10
  -303.29
20
   -83.61
30
    91.06
11
  -303.29
21
  -119.48
31
    91.06
12
  -306.79
22
  -119.48
32
    91.06
13
  -306.79
23
   -83.61
33
    91.06
999
W-3
0
3DFACE
8
W1
10
  -303.29
20
   -83.61
30
    92.56
11
  -303.29
21
  -119.48
31
    92.56
12
  -303.29
22
  -119.48
32
    91.06
13
  -303.29
23
   -83.61
33
    91.06
999
W-3
0
3DFACE
8
W1
10
  -306.79
20
  -119.48
30
    92.56
11
  -306.79
21
   -83.61
31
    92.56
12
  -306.79
22
   -83.61
32
    91.06
13
  -306.79
23
  -119.48
33
    91.06
999
W-3
0
3DFACE
8
W1
10
  -303.29
20
  -119.48
30
    91.00
11
  -303.29
21
   -83.61
31
    91.00
12
  -306.79
22
   -83.61
32
    91.00
13
  -306.79
23
  -119.48
33
    91.00
999
W-3
0
3DFACE
8
W1
10
  -303.29
20
  -119.48
30
    89.50
11
  -303.29
21
   -83.61
31
    89.50
12
  -303.29
22
   -83.61
32
    91.00
13
  -303.29
23
  -119.48
33
    91.00
999
W-3
0
3DFACE
8
W1
10
  -306.79
20
   -83.61
30
    89.50
11
  -306.79
21
  -119.48
31
    89.50
12
  -306.79
22
  -119.48
32
    91.00
13
  -306.79
23
   -83.61
33
    91.00
999
W-3
0
3DFACE
8
W1
10
  -303.29
20
   -92.03
30
    91.00
11
  -303.29
21
   -85.58
31
    79.00
12
  -306.79
22
   -85.58
32
    79.00
13
  -306.79
23
   -92.03
33
    91.00
999
W-3
0
3DFACE
8
W1
10
  -303.29
20
   -93.35
30
    90.29
11
  -303.29
21
   -86.90
31
    78.29
12
  -303.29
22
   -85.58
32
    79.00
13
  -303.29
23
   -92.03
33
    91.00
999
W-3
0
3DFACE
8
W1
10
  -306.79
20
   -86.90
30
    78.29
11
  -306.79
21
   -93.35
31
    90.29
12
  -306.79
22
   -92.03
32
    91.00
13
  -306.79
23
   -85.58
33
    79.00
999
W-3
0
3DFACE
8
W1
10
  -303.29
20
  -101.49
30
    79.00
11
  -303.29
21
   -95.03
31
    91.00
12
  -306.79
22
   -95.03
32
    91.00
13
  -306.79
23
  -101.49
33
    79.00
999
W-3
0
3DFACE
8
W1
10
  -303.29
20
  -100.16
30
    78.29
11
  -303.29
21
   -93.71
31
    90.29
12
  -303.29
22
   -95.03
32
    91.00
13
  -303.29
23
  -101.49
33
    79.00
999
W-3
0
3DFACE
8
W1
10
  -306.79
20
   -93.71
30
    90.29
11
  -306.79
21
  -100.16
31
    78.29
12
  -306.79
22
  -101.49
32
    79.00
13
  -306.79
23
   -95.03
33
    91.00
999
W-3
0
3DFACE
8
W1
10
  -303.29
20
  -108.06
30
    91.00
11
  -303.29
21
  -101.60
31
    79.00
12
  -306.79
22
  -101.60
32
    79.00
13
  -306.79
23
  -108.06
33
    91.00
999
W-3
0
3DFACE
8
W1
10
  -303.29
20
  -109.38
30
    90.29
11
  -303.29
21
  -102.92
31
    78.29
12
  -303.29
22
  -101.60
32
    79.00
13
  -303.29
23
  -108.06
33
    91.00
999
W-3
0
3DFACE
8
W1
10
  -306.79
20
  -102.92
30
    78.29
11
  -306.79
21
  -109.38
31
    90.29
12
  -306.79
22
  -108.06
32
    91.00
13
  -306.79
23
  -101.60
33
    79.00
999
W-3
0
3DFACE
8
W1
10
  -303.29
20
  -117.51
30
    79.00
11
  -303.29
21
  -111.06
31
    91.00
12
  -306.79
22
  -111.06
32
    91.00
13
  -306.79
23
  -117.51
33
    79.00
999
W-3
0
3DFACE
8
W1
10
  -303.29
20
  -116.19
30
    78.29
11
  -303.29
21
  -109.74
31
    90.29
12
  -303.29
22
  -111.06
32
    91.00
13
  -303.29
23
  -117.51
33
    79.00
999
W-3
0
3DFACE
8
W1
10
  -306.79
20
  -109.74
30
    90.29
11
  -306.79
21
  -116.19
31
    78.29
12
  -306.79
22
  -117.51
32
    79.00
13
  -306.79
23
  -111.06
33
    91.00
999
W-3
0
3DFACE
8
W1
10
  -303.29
20
   -33.04
30
    43.34
11
  -303.29
21
   -29.54
31
    43.34
12
  -306.79
22
   -29.54
32
    43.34
13
  -306.79
23
   -33.04
33
    43.34
999
W-3
0
3DFACE
8
W1
10
  -303.29
20
   -33.04
30
    41.84
11
  -303.29
21
   -29.54
31
    41.84
12
  -303.29
22
   -29.54
32
    43.34
13
  -303.29
23
   -33.04
33
    43.34
999
W-3
0
3DFACE
8
W1
10
  -306.79
20
   -29.54
30
    41.84
11
  -306.79
21
   -33.04
31
    41.84
12
  -306.79
22
   -33.04
32
    43.34
13
  -306.79
23
   -29.54
33
    43.34
999
W-3
0
3DFACE
8
W1
10
  -303.29
20
   -51.77
30
    43.34
11
  -303.29
21
   -33.04
31
    43.34
12
  -306.79
22
   -33.04
32
    43.34
13
  -306.79
23
   -51.77
33
    43.34
999
W-3
0
3DFACE
8
W1
10
  -303.29
20
   -51.77
30
    41.84
11
  -303.29
21
   -33.04
31
    41.84
12
  -303.29
22
   -33.04
32
    43.34
13
  -303.29
23
   -51.77
33
    43.34
999
W-3
0
3DFACE
8
W1
10
  -306.79
20
   -33.04
30
    41.84
11
  -306.79
21
   -51.77
31
    41.84
12
  -306.79
22
   -51.77
32
    43.34
13
  -306.79
23
   -33.04
33
    43.34
999
W-3
0
3DFACE
8
W1
10
  -303.29
20
   -57.04
30
    43.34
11
  -303.29
21
   -51.83
31
    43.34
12
  -306.79
22
   -51.83
32
    43.34
13
  -306.79
23
   -57.04
33
    43.34
999
W-3
0
3DFACE
8
W1
10
  -303.29
20
   -57.04
30
    41.84
11
  -303.29
21
   -51.83
31
    41.84
12
  -303.29
22
   -51.83
32
    43.34
13
  -303.29
23
   -57.04
33
    43.34
999
W-3
0
3DFACE
8
W1
10
  -306.79
20
   -51.83
30
    41.84
11
  -306.79
21
   -57.04
31
    41.84
12
  -306.79
22
   -57.04
32
    43.34
13
  -306.79
23
   -51.83
33
    43.34
999
W-3
0
3DFACE
8
W1
10
  -303.29
20
   -75.77
30
    43.34
11
  -303.29
21
   -57.04
31
    43.34
12
  -306.79
22
   -57.04
32
    43.34
13
  -306.79
23
   -75.77
33
    43.34
999
W-3
0
3DFACE
8
W1
10
  -303.29
20
   -75.77
30
    41.84
11
  -303.29
21
   -57.04
31
    41.84
12
  -303.29
22
   -57.04
32
    43.34
13
  -303.29
23
   -75.77
33
    43.34
999
W-3
0
3DFACE
8
W1
10
  -306.79
20
   -57.04
30
    41.84
11
  -306.79
21
   -75.77
31
    41.84
12
  -306.79
22
   -75.77
32
    43.34
13
  -306.79
23
   -57.04
33
    43.34
999
W-3
0
3DFACE
8
W1
10
  -303.29
20
   -83.54
30
    43.34
11
  -303.29
21
   -75.83
31
    43.34
12
  -306.79
22
   -75.83
32
    43.34
13
  -306.79
23
   -83.54
33
    43.34
999
W-3
0
3DFACE
8
W1
10
  -303.29
20
   -83.54
30
    41.84
11
  -303.29
21
   -75.83
31
    41.84
12
  -303.29
22
   -75.83
32
    43.34
13
  -303.29
23
   -83.54
33
    43.34
999
W-3
0
3DFACE
8
W1
10
  -306.79
20
   -75.83
30
    41.84
11
  -306.79
21
   -83.54
31
    41.84
12
  -306.79
22
   -83.54
32
    43.34
13
  -306.79
23
   -75.83
33
    43.34
999
W-3
0
3DFACE
8
W1
10
  -303.29
20
  -123.78
30
    43.34
11
  -303.29
21
  -119.54
31
    43.34
12
  -306.79
22
  -119.54
32
    43.34
13
  -306.79
23
  -123.78
33
    43.34
999
W-3
0
3DFACE
8
W1
10
  -303.29
20
  -123.78
30
    41.84
11
  -303.29
21
  -119.54
31
    41.84
12
  -303.29
22
  -119.54
32
    43.34
13
  -303.29
23
  -123.78
33
    43.34
999
W-3
0
3DFACE
8
W1
10
  -306.79
20
  -119.54
30
    41.84
11
  -306.79
21
  -123.78
31
    41.84
12
  -306.79
22
  -123.78
32
    43.34
13
  -306.79
23
  -119.54
33
    43.34
999
W-3
0
3DFACE
8
W1
10
  -303.29
20
  -146.04
30
    43.34
11
  -303.29
21
  -123.84
31
    43.34
12
  -306.79
22
  -123.84
32
    43.34
13
  -306.79
23
  -146.04
33
    43.34
999
W-3
0
3DFACE
8
W1
10
  -303.29
20
  -146.04
30
    41.84
11
  -303.29
21
  -123.84
31
    41.84
12
  -303.29
22
  -123.84
32
    43.34
13
  -303.29
23
  -146.04
33
    43.34
999
W-3
0
3DFACE
8
W1
10
  -306.79
20
  -123.84
30
    41.84
11
  -306.79
21
  -146.04
31
    41.84
12
  -306.79
22
  -146.04
32
    43.34
13
  -306.79
23
  -123.84
33
    43.34
999
W-3
0
3DFACE
8
W1
10
  -303.29
20
  -149.48
30
    43.34
11
  -303.29
21
  -146.04
31
    43.34
12
  -306.79
22
  -146.04
32
    43.34
13
  -306.79
23
  -149.48
33
    43.34
999
W-3
0
3DFACE
8
W1
10
  -303.29
20
  -149.48
30
    41.84
11
  -303.29
21
  -146.04
31
    41.84
12
  -303.29
22
  -146.04
32
    43.34
13
  -303.29
23
  -149.48
33
    43.34
999
W-3
0
3DFACE
8
W1
10
  -306.79
20
  -146.04
30
    41.84
11
  -306.79
21
  -149.48
31
    41.84
12
  -306.79
22
  -149.48
32
    43.34
13
  -306.79
23
  -146.04
33
    43.34
999
W-3
0
3DFACE
8
W1
10
  -303.29
20
  -170.04
30
    43.34
11
  -303.29
21
  -149.54
31
    43.34
12
  -306.79
22
  -149.54
32
    43.34
13
  -306.79
23
  -170.04
33
    43.34
999
W-3
0
3DFACE
8
W1
10
  -303.29
20
  -170.04
30
    41.84
11
  -303.29
21
  -149.54
31
    41.84
12
  -303.29
22
  -149.54
32
    43.34
13
  -303.29
23
  -170.04
33
    43.34
999
W-3
0
3DFACE
8
W1
10
  -306.79
20
  -149.54
30
    41.84
11
  -306.79
21
  -170.04
31
    41.84
12
  -306.79
22
  -170.04
32
    43.34
13
  -306.79
23
  -149.54
33
    43.34
999
W-3
0
3DFACE
8
W1
10
  -303.29
20
  -173.54
30
    43.34
11
  -303.29
21
  -170.04
31
    43.34
12
  -306.79
22
  -170.04
32
    43.34
13
  -306.79
23
  -173.54
33
    43.34
999
W-3
0
3DFACE
8
W1
10
  -303.29
20
  -173.54
30
    41.84
11
  -303.29
21
  -170.04
31
    41.84
12
  -303.29
22
  -170.04
32
    43.34
13
  -303.29
23
  -173.54
33
    43.34
999
W-3
0
3DFACE
8
W1
10
  -306.79
20
  -170.04
30
    41.84
11
  -306.79
21
  -173.54
31
    41.84
12
  -306.79
22
  -173.54
32
    43.34
13
  -306.79
23
  -170.04
33
    43.34
999
W-3
0
3DFACE
8
W1
10
  -303.29
20
   -33.04
30
    86.69
11
  -303.29
21
   -29.54
31
    86.69
12
  -306.79
22
   -29.54
32
    86.69
13
  -306.79
23
   -33.04
33
    86.69
999
W-3
0
3DFACE
8
W1
10
  -303.29
20
   -33.04
30
    85.19
11
  -303.29
21
   -29.54
31
    85.19
12
  -303.29
22
   -29.54
32
    86.69
13
  -303.29
23
   -33.04
33
    86.69
999
W-3
0
3DFACE
8
W1
10
  -306.79
20
   -29.54
30
    85.19
11
  -306.79
21
   -33.04
31
    85.19
12
  -306.79
22
   -33.04
32
    86.69
13
  -306.79
23
   -29.54
33
    86.69
999
W-3
0
3DFACE
8
W1
10
  -303.29
20
   -51.77
30
    86.69
11
  -303.29
21
   -33.04
31
    86.69
12
  -306.79
22
   -33.04
32
    86.69
13
  -306.79
23
   -51.77
33
    86.69
999
W-3
0
3DFACE
8
W1
10
  -303.29
20
   -51.77
30
    85.19
11
  -303.29
21
   -33.04
31
    85.19
12
  -303.29
22
   -33.04
32
    86.69
13
  -303.29
23
   -51.77
33
    86.69
999
W-3
0
3DFACE
8
W1
10
  -306.79
20
   -33.04
30
    85.19
11
  -306.79
21
   -51.77
31
    85.19
12
  -306.79
22
   -51.77
32
    86.69
13
  -306.79
23
   -33.04
33
    86.69
999
W-3
0
3DFACE
8
W1
10
  -303.29
20
   -57.04
30
    86.69
11
  -303.29
21
   -51.83
31
    86.69
12
  -306.79
22
   -51.83
32
    86.69
13
  -306.79
23
   -57.04
33
    86.69
999
W-3
0
3DFACE
8
W1
10
  -303.29
20
   -57.04
30
    85.19
11
  -303.29
21
   -51.83
31
    85.19
12
  -303.29
22
   -51.83
32
    86.69
13
  -303.29
23
   -57.04
33
    86.69
999
W-3
0
3DFACE
8
W1
10
  -306.79
20
   -51.83
30
    85.19
11
  -306.79
21
   -57.04
31
    85.19
12
  -306.79
22
   -57.04
32
    86.69
13
  -306.79
23
   -51.83
33
    86.69
999
W-3
0
3DFACE
8
W1
10
  -303.29
20
   -75.77
30
    86.69
11
  -303.29
21
   -57.04
31
    86.69
12
  -306.79
22
   -57.04
32
    86.69
13
  -306.79
23
   -75.77
33
    86.69
999
W-3
0
3DFACE
8
W1
10
  -303.29
20
   -75.77
30
    85.19
11
  -303.29
21
   -57.04
31
    85.19
12
  -303.29
22
   -57.04
32
    86.69
13
  -303.29
23
   -75.77
33
    86.69
999
W-3
0
3DFACE
8
W1
10
  -306.79
20
   -57.04
30
    85.19
11
  -306.79
21
   -75.77
31
    85.19
12
  -306.79
22
   -75.77
32
    86.69
13
  -306.79
23
   -57.04
33
    86.69
999
W-3
0
3DFACE
8
W1
10
  -303.29
20
   -83.54
30
    86.69
11
  -303.29
21
   -75.83
31
    86.69
12
  -306.79
22
   -75.83
32
    86.69
13
  -306.79
23
   -83.54
33
    86.69
999
W-3
0
3DFACE
8
W1
10
  -303.29
20
   -83.54
30
    85.19
11
  -303.29
21
   -75.83
31
    85.19
12
  -303.29
22
   -75.83
32
    86.69
13
  -303.29
23
   -83.54
33
    86.69
999
W-3
0
3DFACE
8
W1
10
  -306.79
20
   -75.83
30
    85.19
11
  -306.79
21
   -83.54
31
    85.19
12
  -306.79
22
   -83.54
32
    86.69
13
  -306.79
23
   -75.83
33
    86.69
999
W-3
0
3DFACE
8
W1
10
  -303.29
20
  -123.78
30
    86.69
11
  -303.29
21
  -119.54
31
    86.69
12
  -306.79
22
  -119.54
32
    86.69
13
  -306.79
23
  -123.78
33
    86.69
999
W-3
0
3DFACE
8
W1
10
  -303.29
20
  -123.78
30
    85.19
11
  -303.29
21
  -119.54
31
    85.19
12
  -303.29
22
  -119.54
32
    86.69
13
  -303.29
23
  -123.78
33
    86.69
999
W-3
0
3DFACE
8
W1
10
  -306.79
20
  -119.54
30
    85.19
11
  -306.79
21
  -123.78
31
    85.19
12
  -306.79
22
  -123.78
32
    86.69
13
  -306.79
23
  -119.54
33
    86.69
999
W-3
0
3DFACE
8
W1
10
  -303.29
20
  -146.04
30
    86.69
11
  -303.29
21
  -123.84
31
    86.69
12
  -306.79
22
  -123.84
32
    86.69
13
  -306.79
23
  -146.04
33
    86.69
999
W-3
0
3DFACE
8
W1
10
  -303.29
20
  -146.04
30
    85.19
11
  -303.29
21
  -123.84
31
    85.19
12
  -303.29
22
  -123.84
32
    86.69
13
  -303.29
23
  -146.04
33
    86.69
999
W-3
0
3DFACE
8
W1
10
  -306.79
20
  -123.84
30
    85.19
11
  -306.79
21
  -146.04
31
    85.19
12
  -306.79
22
  -146.04
32
    86.69
13
  -306.79
23
  -123.84
33
    86.69
999
W-3
0
3DFACE
8
W1
10
  -303.29
20
  -123.84
30
    86.75
11
  -303.29
21
  -146.04
31
    86.75
12
  -306.79
22
  -146.04
32
    86.75
13
  -306.79
23
  -123.84
33
    86.75
999
W-3
0
3DFACE
8
W1
10
  -303.29
20
  -123.84
30
    88.25
11
  -303.29
21
  -146.04
31
    88.25
12
  -303.29
22
  -146.04
32
    86.75
13
  -303.29
23
  -123.84
33
    86.75
999
W-3
0
3DFACE
8
W1
10
  -306.79
20
  -146.04
30
    88.25
11
  -306.79
21
  -123.84
31
    88.25
12
  -306.79
22
  -123.84
32
    86.75
13
  -306.79
23
  -146.04
33
    86.75
999
W-3
0
3DFACE
8
W1
10
  -303.29
20
  -149.48
30
    86.69
11
  -303.29
21
  -146.04
31
    86.69
12
  -306.79
22
  -146.04
32
    86.69
13
  -306.79
23
  -149.48
33
    86.69
999
W-3
0
3DFACE
8
W1
10
  -303.29
20
  -149.48
30
    85.19
11
  -303.29
21
  -146.04
31
    85.19
12
  -303.29
22
  -146.04
32
    86.69
13
  -303.29
23
  -149.48
33
    86.69
999
W-3
0
3DFACE
8
W1
10
  -306.79
20
  -146.04
30
    85.19
11
  -306.79
21
  -149.48
31
    85.19
12
  -306.79
22
  -149.48
32
    86.69
13
  -306.79
23
  -146.04
33
    86.69
999
W-3
0
3DFACE
8
W1
10
  -303.29
20
  -170.04
30
    86.69
11
  -303.29
21
  -149.54
31
    86.69
12
  -306.79
22
  -149.54
32
    86.69
13
  -306.79
23
  -170.04
33
    86.69
999
W-3
0
3DFACE
8
W1
10
  -303.29
20
  -170.04
30
    85.19
11
  -303.29
21
  -149.54
31
    85.19
12
  -303.29
22
  -149.54
32
    86.69
13
  -303.29
23
  -170.04
33
    86.69
999
W-3
0
3DFACE
8
W1
10
  -306.79
20
  -149.54
30
    85.19
11
  -306.79
21
  -170.04
31
    85.19
12
  -306.79
22
  -170.04
32
    86.69
13
  -306.79
23
  -149.54
33
    86.69
999
W-3
0
3DFACE
8
W1
10
  -303.29
20
  -173.54
30
    86.69
11
  -303.29
21
  -170.04
31
    86.69
12
  -306.79
22
  -170.04
32
    86.69
13
  -306.79
23
  -173.54
33
    86.69
999
W-3
0
3DFACE
8
W1
10
  -303.29
20
  -173.54
30
    85.19
11
  -303.29
21
  -170.04
31
    85.19
12
  -303.29
22
  -170.04
32
    86.69
13
  -303.29
23
  -173.54
33
    86.69
999
W-3
0
3DFACE
8
W1
10
  -306.79
20
  -170.04
30
    85.19
11
  -306.79
21
  -173.54
31
    85.19
12
  -306.79
22
  -173.54
32
    86.69
13
  -306.79
23
  -170.04
33
    86.69
999
W-3
0
3DFACE
8
W1
10
  -303.29
20
   -33.04
30
   130.03
11
  -303.29
21
   -29.54
31
   130.03
12
  -306.79
22
   -29.54
32
   130.03
13
  -306.79
23
   -33.04
33
   130.03
999
W-3
0
3DFACE
8
W1
10
  -303.29
20
   -33.04
30
   128.53
11
  -303.29
21
   -29.54
31
   128.53
12
  -303.29
22
   -29.54
32
   130.03
13
  -303.29
23
   -33.04
33
   130.03
999
W-3
0
3DFACE
8
W1
10
  -306.79
20
   -29.54
30
   128.53
11
  -306.79
21
   -33.04
31
   128.53
12
  -306.79
22
   -33.04
32
   130.03
13
  -306.79
23
   -29.54
33
   130.03
999
W-3
0
3DFACE
8
W1
10
  -303.29
20
   -51.77
30
   130.03
11
  -303.29
21
   -33.04
31
   130.03
12
  -306.79
22
   -33.04
32
   130.03
13
  -306.79
23
   -51.77
33
   130.03
999
W-3
0
3DFACE
8
W1
10
  -303.29
20
   -51.77
30
   128.53
11
  -303.29
21
   -33.04
31
   128.53
12
  -303.29
22
   -33.04
32
   130.03
13
  -303.29
23
   -51.77
33
   130.03
999
W-3
0
3DFACE
8
W1
10
  -306.79
20
   -33.04
30
   128.53
11
  -306.79
21
   -51.77
31
   128.53
12
  -306.79
22
   -51.77
32
   130.03
13
  -306.79
23
   -33.04
33
   130.03
999
W-3
0
3DFACE
8
W1
10
  -303.29
20
   -57.04
30
   130.03
11
  -303.29
21
   -51.83
31
   130.03
12
  -306.79
22
   -51.83
32
   130.03
13
  -306.79
23
   -57.04
33
   130.03
999
W-3
0
3DFACE
8
W1
10
  -303.29
20
   -57.04
30
   128.53
11
  -303.29
21
   -51.83
31
   128.53
12
  -303.29
22
   -51.83
32
   130.03
13
  -303.29
23
   -57.04
33
   130.03
999
W-3
0
3DFACE
8
W1
10
  -306.79
20
   -51.83
30
   128.53
11
  -306.79
21
   -57.04
31
   128.53
12
  -306.79
22
   -57.04
32
   130.03
13
  -306.79
23
   -51.83
33
   130.03
999
W-3
0
3DFACE
8
W1
10
  -303.29
20
   -75.77
30
   130.03
11
  -303.29
21
   -57.04
31
   130.03
12
  -306.79
22
   -57.04
32
   130.03
13
  -306.79
23
   -75.77
33
   130.03
999
W-3
0
3DFACE
8
W1
10
  -303.29
20
   -75.77
30
   128.53
11
  -303.29
21
   -57.04
31
   128.53
12
  -303.29
22
   -57.04
32
   130.03
13
  -303.29
23
   -75.77
33
   130.03
999
W-3
0
3DFACE
8
W1
10
  -306.79
20
   -57.04
30
   128.53
11
  -306.79
21
   -75.77
31
   128.53
12
  -306.79
22
   -75.77
32
   130.03
13
  -306.79
23
   -57.04
33
   130.03
999
W-3
0
3DFACE
8
W1
10
  -303.29
20
   -83.54
30
   130.03
11
  -303.29
21
   -75.83
31
   130.03
12
  -306.79
22
   -75.83
32
   130.03
13
  -306.79
23
   -83.54
33
   130.03
999
W-3
0
3DFACE
8
W1
10
  -303.29
20
   -83.54
30
   128.53
11
  -303.29
21
   -75.83
31
   128.53
12
  -303.29
22
   -75.83
32
   130.03
13
  -303.29
23
   -83.54
33
   130.03
999
W-3
0
3DFACE
8
W1
10
  -306.79
20
   -75.83
30
   128.53
11
  -306.79
21
   -83.54
31
   128.53
12
  -306.79
22
   -83.54
32
   130.03
13
  -306.79
23
   -75.83
33
   130.03
999
W-3
0
3DFACE
8
W1
10
  -303.29
20
   -99.77
30
   130.03
11
  -303.29
21
   -83.61
31
   130.03
12
  -306.79
22
   -83.61
32
   130.03
13
  -306.79
23
   -99.77
33
   130.03
999
W-3
0
3DFACE
8
W1
10
  -303.29
20
   -99.77
30
   128.53
11
  -303.29
21
   -83.61
31
   128.53
12
  -303.29
22
   -83.61
32
   130.03
13
  -303.29
23
   -99.77
33
   130.03
999
W-3
0
3DFACE
8
W1
10
  -306.79
20
   -83.61
30
   128.53
11
  -306.79
21
   -99.77
31
   128.53
12
  -306.79
22
   -99.77
32
   130.03
13
  -306.79
23
   -83.61
33
   130.03
999
W-3
0
3DFACE
8
W1
10
  -303.29
20
  -119.48
30
   130.03
11
  -303.29
21
   -99.83
31
   130.03
12
  -306.79
22
   -99.83
32
   130.03
13
  -306.79
23
  -119.48
33
   130.03
999
W-3
0
3DFACE
8
W1
10
  -303.29
20
  -119.48
30
   128.53
11
  -303.29
21
   -99.83
31
   128.53
12
  -303.29
22
   -99.83
32
   130.03
13
  -303.29
23
  -119.48
33
   130.03
999
W-3
0
3DFACE
8
W1
10
  -306.79
20
   -99.83
30
   128.53
11
  -306.79
21
  -119.48
31
   128.53
12
  -306.79
22
  -119.48
32
   130.03
13
  -306.79
23
   -99.83
33
   130.03
999
W-3
0
3DFACE
8
W1
10
  -303.29
20
  -123.78
30
   130.03
11
  -303.29
21
  -119.54
31
   130.03
12
  -306.79
22
  -119.54
32
   130.03
13
  -306.79
23
  -123.78
33
   130.03
999
W-3
0
3DFACE
8
W1
10
  -303.29
20
  -123.78
30
   128.53
11
  -303.29
21
  -119.54
31
   128.53
12
  -303.29
22
  -119.54
32
   130.03
13
  -303.29
23
  -123.78
33
   130.03
999
W-3
0
3DFACE
8
W1
10
  -306.79
20
  -119.54
30
   128.53
11
  -306.79
21
  -123.78
31
   128.53
12
  -306.79
22
  -123.78
32
   130.03
13
  -306.79
23
  -119.54
33
   130.03
999
W-3
0
3DFACE
8
W1
10
  -303.29
20
  -146.04
30
   130.03
11
  -303.29
21
  -123.84
31
   130.03
12
  -306.79
22
  -123.84
32
   130.03
13
  -306.79
23
  -146.04
33
   130.03
999
W-3
0
3DFACE
8
W1
10
  -303.29
20
  -146.04
30
   128.53
11
  -303.29
21
  -123.84
31
   128.53
12
  -303.29
22
  -123.84
32
   130.03
13
  -303.29
23
  -146.04
33
   130.03
999
W-3
0
3DFACE
8
W1
10
  -306.79
20
  -123.84
30
   128.53
11
  -306.79
21
  -146.04
31
   128.53
12
  -306.79
22
  -146.04
32
   130.03
13
  -306.79
23
  -123.84
33
   130.03
999
W-3
0
3DFACE
8
W1
10
  -303.29
20
  -149.48
30
   130.03
11
  -303.29
21
  -146.04
31
   130.03
12
  -306.79
22
  -146.04
32
   130.03
13
  -306.79
23
  -149.48
33
   130.03
999
W-3
0
3DFACE
8
W1
10
  -303.29
20
  -149.48
30
   128.53
11
  -303.29
21
  -146.04
31
   128.53
12
  -303.29
22
  -146.04
32
   130.03
13
  -303.29
23
  -149.48
33
   130.03
999
W-3
0
3DFACE
8
W1
10
  -306.79
20
  -146.04
30
   128.53
11
  -306.79
21
  -149.48
31
   128.53
12
  -306.79
22
  -149.48
32
   130.03
13
  -306.79
23
  -146.04
33
   130.03
999
W-3
0
3DFACE
8
W1
10
  -303.29
20
  -170.04
30
   130.03
11
  -303.29
21
  -149.54
31
   130.03
12
  -306.79
22
  -149.54
32
   130.03
13
  -306.79
23
  -170.04
33
   130.03
999
W-3
0
3DFACE
8
W1
10
  -303.29
20
  -170.04
30
   128.53
11
  -303.29
21
  -149.54
31
   128.53
12
  -303.29
22
  -149.54
32
   130.03
13
  -303.29
23
  -170.04
33
   130.03
999
W-3
0
3DFACE
8
W1
10
  -306.79
20
  -149.54
30
   128.53
11
  -306.79
21
  -170.04
31
   128.53
12
  -306.79
22
  -170.04
32
   130.03
13
  -306.79
23
  -149.54
33
   130.03
999
W-3
0
3DFACE
8
W1
10
  -303.29
20
  -173.54
30
   130.03
11
  -303.29
21
  -170.04
31
   130.03
12
  -306.79
22
  -170.04
32
   130.03
13
  -306.79
23
  -173.54
33
   130.03
999
W-3
0
3DFACE
8
W1
10
  -303.29
20
  -173.54
30
   128.53
11
  -303.29
21
  -170.04
31
   128.53
12
  -303.29
22
  -170.04
32
   130.03
13
  -303.29
23
  -173.54
33
   130.03
999
W-3
0
3DFACE
8
W1
10
  -306.79
20
  -170.04
30
   128.53
11
  -306.79
21
  -173.54
31
   128.53
12
  -306.79
22
  -173.54
32
   130.03
13
  -306.79
23
  -170.04
33
   130.03
999
W-3
0
3DFACE
8
W1
10
  -303.29
20
  -125.50
30
   130.03
11
  -303.29
21
  -142.93
31
    86.75
12
  -306.79
22
  -142.93
32
    86.75
13
  -306.79
23
  -125.50
33
   130.03
999
W-3
0
3DFACE
8
W1
10
  -303.29
20
  -126.89
30
   130.59
11
  -303.29
21
  -144.32
31
    87.31
12
  -303.29
22
  -142.93
32
    86.75
13
  -303.29
23
  -125.50
33
   130.03
999
W-3
0
3DFACE
8
W1
10
  -306.79
20
  -144.32
30
    87.31
11
  -306.79
21
  -126.89
31
   130.59
12
  -306.79
22
  -125.50
32
   130.03
13
  -306.79
23
  -142.93
33
    86.75
999
W-3
0
3DFACE
8
W1
10
  -303.29
20
  -142.93
30
    86.69
11
  -303.29
21
  -123.84
31
    43.95
12
  -306.79
22
  -123.84
32
    43.95
13
  -306.79
23
  -142.93
33
    86.69
999
W-3
0
3DFACE
8
W1
10
  -303.29
20
  -144.30
30
    86.08
11
  -303.29
21
  -125.21
31
    43.34
12
  -303.29
22
  -123.84
32
    43.95
13
  -303.29
23
  -142.93
33
    86.69
999
W-3
0
3DFACE
8
W1
10
  -306.79
20
  -125.21
30
    43.34
11
  -306.79
21
  -144.30
31
    86.08
12
  -306.79
22
  -142.93
32
    86.69
13
  -306.79
23
  -123.84
33
    43.95
999
W-3
0
3DFACE
8
W1
10
  -303.29
20
  -125.50
30
    43.34
11
  -303.29
21
  -142.93
31
     0.00
12
  -306.79
22
  -142.93
32
     0.00
13
  -306.79
23
  -125.50
33
    43.34
999
W-3
0
3DFACE
8
W1
10
  -303.29
20
  -126.89
30
    43.90
11
  -303.29
21
  -144.32
31
     0.56
12
  -303.29
22
  -142.93
32
     0.00
13
  -303.29
23
  -125.50
33
    43.34
999
W-3
0
3DFACE
8
W1
10
  -306.79
20
  -144.32
30
     0.56
11
  -306.79
21
  -126.89
31
    43.90
12
  -306.79
22
  -125.50
32
    43.34
13
  -306.79
23
  -142.93
33
     0.00
999
W-3
0
3DFACE
8
W1
10
  -303.29
20
  -142.93
30
   173.38
11
  -303.29
21
  -123.84
31
   130.64
12
  -306.79
22
  -123.84
32
   130.64
13
  -306.79
23
  -142.93
33
   173.38
999
W-3
0
3DFACE
8
W1
10
  -303.29
20
  -144.30
30
   172.76
11
  -303.29
21
  -125.21
31
   130.02
12
  -303.29
22
  -123.84
32
   130.64
13
  -303.29
23
  -142.93
33
   173.38
999
W-3
0
3DFACE
8
W1
10
  -306.79
20
  -125.21
30
   130.02
11
  -306.79
21
  -144.30
31
   172.76
12
  -306.79
22
  -142.93
32
   173.38
13
  -306.79
23
  -123.84
33
   130.64
999
W-3
0
TEXT
8
W1t
10
 -303.29
20
 -101.54
30
  177.31
40
120
1
W-3
999
W-3
0
3DFACE
8
R1
10
  -421.72
20
   -29.54
30
   115.84
11
  -421.72
21
   -74.01
31
   115.84
12
  -423.32
22
   -74.01
32
   119.03
13
  -423.32
23
   -29.54
33
   119.03
999
RP2
0
3DFACE
8
R1
10
  -420.38
20
   -29.54
30
   116.51
11
  -420.38
21
   -74.01
31
   116.51
12
  -421.72
22
   -74.01
32
   115.84
13
  -421.72
23
   -29.54
33
   115.84
999
RP2
0
3DFACE
8
R1
10
  -421.97
20
   -74.01
30
   119.70
11
  -421.97
21
   -29.54
31
   119.70
12
  -423.32
22
   -29.54
32
   119.03
13
  -423.32
23
   -74.01
33
   119.03
999
RP2
0
3DFACE
8
R1
10
  -421.72
20
   -74.01
30
   115.84
11
  -277.72
21
   -74.01
31
   187.86
12
  -279.32
22
   -74.01
32
   191.05
13
  -423.32
23
   -74.01
33
   119.03
999
RP2
0
3DFACE
8
R1
10
  -421.72
20
   -72.51
30
   115.84
11
  -277.72
21
   -72.51
31
   187.86
12
  -277.72
22
   -74.01
32
   187.86
13
  -421.72
23
   -74.01
33
   115.84
999
RP2
0
3DFACE
8
R1
10
  -279.32
20
   -72.51
30
   191.05
11
  -423.32
21
   -72.51
31
   119.03
12
  -423.32
22
   -74.01
32
   119.03
13
  -279.32
23
   -74.01
33
   191.05
999
RP2
0
3DFACE
8
R1
10
  -277.72
20
   -74.01
30
   187.86
11
  -277.72
21
   -29.54
31
   187.86
12
  -279.32
22
   -29.54
32
   191.05
13
  -279.32
23
   -74.01
33
   191.05
999
RP2
0
3DFACE
8
R1
10
  -279.06
20
   -74.01
30
   187.19
11
  -279.06
21
   -29.54
31
   187.19
12
  -277.72
22
   -29.54
32
   187.86
13
  -277.72
23
   -74.01
33
   187.86
999
RP2
0
3DFACE
8
R1
10
  -280.66
20
   -29.54
30
   190.37
11
  -280.66
21
   -74.01
31
   190.37
12
  -279.32
22
   -74.01
32
   191.05
13
  -279.32
23
   -29.54
33
   191.05
999
RP2
0
3DFACE
8
R1
10
  -277.72
20
   -29.54
30
   187.86
11
  -421.72
21
   -29.54
31
   115.84
12
  -423.32
22
   -29.54
32
   119.03
13
  -279.32
23
   -29.54
33
   191.05
999
RP2
0
3DFACE
8
R1
10
  -277.72
20
   -31.04
30
   187.86
11
  -421.72
21
   -31.04
31
   115.84
12
  -421.72
22
   -29.54
32
   115.84
13
  -277.72
23
   -29.54
33
   187.86
999
RP2
0
3DFACE
8
R1
10
  -423.32
20
   -31.04
30
   119.03
11
  -279.32
21
   -31.04
31
   191.05
12
  -279.32
22
   -29.54
32
   191.05
13
  -423.32
23
   -29.54
33
   119.03
999
RP2
0
3DFACE
8
R1
10
  -357.33
20
   -74.01
30
   148.05
11
  -357.33
21
   -29.54
31
   148.05
12
  -358.92
22
   -29.54
32
   151.24
13
  -358.92
23
   -74.01
33
   151.23
999
RP2
0
3DFACE
8
R1
10
  -358.67
20
   -74.01
30
   147.38
11
  -358.67
21
   -29.54
31
   147.38
12
  -357.33
22
   -29.54
32
   148.05
13
  -357.33
23
   -74.01
33
   148.05
999
RP2
0
3DFACE
8
R1
10
  -360.26
20
   -29.54
30
   150.56
11
  -360.26
21
   -74.01
31
   150.56
12
  -358.92
22
   -74.01
32
   151.23
13
  -358.92
23
   -29.54
33
   151.24
999
RP2
0
3DFACE
8
R1
10
  -378.79
20
   -74.01
30
   137.31
11
  -378.79
21
   -29.55
31
   137.31
12
  -380.39
22
   -29.55
32
   140.50
13
  -380.39
23
   -74.01
33
   140.50
999
RP2
0
3DFACE
8
R1
10
  -380.13
20
   -74.01
30
   136.64
11
  -380.13
21
   -29.54
31
   136.64
12
  -378.79
22
   -29.55
32
   137.31
13
  -378.79
23
   -74.01
33
   137.31
999
RP2
0
3DFACE
8
R1
10
  -381.73
20
   -29.54
30
   139.83
11
  -381.73
21
   -74.01
31
   139.83
12
  -380.39
22
   -74.01
32
   140.50
13
  -380.39
23
   -29.55
33
   140.50
999
RP2
0
3DFACE
8
R1
10
  -335.86
20
   -74.01
30
   158.78
11
  -335.86
21
   -29.54
31
   158.78
12
  -337.45
22
   -29.54
32
   161.97
13
  -337.46
23
   -74.01
33
   161.97
999
RP2
0
3DFACE
8
R1
10
  -337.20
20
   -74.01
30
   158.11
11
  -337.20
21
   -29.54
31
   158.11
12
  -335.86
22
   -29.54
32
   158.78
13
  -335.86
23
   -74.01
33
   158.78
999
RP2
0
3DFACE
8
R1
10
  -338.80
20
   -29.54
30
   161.30
11
  -338.80
21
   -74.01
31
   161.30
12
  -337.46
22
   -74.01
32
   161.97
13
  -337.45
23
   -29.54
33
   161.97
999
RP2
0
3DFACE
8
R1
10
  -321.55
20
   -69.19
30
   165.94
11
  -321.55
21
   -29.54
31
   165.94
12
  -323.14
22
   -29.54
32
   169.13
13
  -323.15
23
   -69.19
33
   169.13
999
RP2
0
3DFACE
8
R1
10
  -322.89
20
   -69.19
30
   165.27
11
  -322.89
21
   -29.54
31
   165.27
12
  -321.55
22
   -29.54
32
   165.94
13
  -321.55
23
   -69.19
33
   165.94
999
RP2
0
3DFACE
8
R1
10
  -324.49
20
   -29.54
30
   168.46
11
  -324.49
21
   -69.19
31
   168.46
12
  -323.15
22
   -69.19
32
   169.13
13
  -323.14
23
   -29.54
33
   169.13
999
RP2
0
3DFACE
8
R1
10
  -305.01
20
   -52.57
30
   174.22
11
  -305.00
21
   -29.54
31
   174.22
12
  -306.60
22
   -29.54
32
   177.40
13
  -306.60
23
   -52.57
33
   177.40
999
RP2
0
3DFACE
8
R1
10
  -306.35
20
   -52.57
30
   173.54
11
  -306.35
21
   -29.54
31
   173.54
12
  -305.00
22
   -29.54
32
   174.22
13
  -305.01
23
   -52.57
33
   174.22
999
RP2
0
3DFACE
8
R1
10
  -307.94
20
   -29.54
30
   176.73
11
  -307.94
21
   -52.57
31
   176.73
12
  -306.60
22
   -52.57
32
   177.40
13
  -306.60
23
   -29.54
33
   177.40
999
RP2
0
3DFACE
8
R1
10
  -382.60
20
   -74.01
30
   135.41
11
  -418.90
21
   -29.54
31
   117.26
12
  -420.49
22
   -29.54
32
   120.44
13
  -384.19
23
   -74.01
33
   138.60
999
RP2
0
3DFACE
8
R1
10
  -383.59
20
   -75.02
30
   134.91
11
  -419.89
21
   -30.56
31
   116.76
12
  -418.90
22
   -29.54
32
   117.26
13
  -382.60
23
   -74.01
33
   135.41
999
RP2
0
3DFACE
8
R1
10
  -421.48
20
   -30.56
30
   119.95
11
  -385.18
21
   -75.02
31
   138.10
12
  -384.19
22
   -74.01
32
   138.60
13
  -420.49
23
   -29.54
33
   120.44
999
RP2
0
3DFACE
8
R1
10
  -418.82
20
   -29.54
30
   117.29
11
  -382.52
21
   -74.01
31
   135.45
12
  -384.12
22
   -74.01
32
   138.63
13
  -420.42
23
   -29.54
33
   120.48
999
RP2
0
3DFACE
8
R1
10
  -417.83
20
   -28.53
30
   117.79
11
  -381.53
21
   -73.00
31
   135.94
12
  -382.52
22
   -74.01
32
   135.45
13
  -418.82
23
   -29.54
33
   117.29
999
RP2
0
3DFACE
8
R1
10
  -383.13
20
   -73.00
30
   139.13
11
  -419.43
21
   -28.53
31
   120.98
12
  -420.42
22
   -29.54
32
   120.48
13
  -384.12
23
   -74.01
33
   138.63
999
RP2
0
3DFACE
8
R1
10
  -326.36
20
   -74.01
30
   163.54
11
  -282.08
21
   -29.54
31
   185.68
12
  -283.67
22
   -29.54
32
   188.87
13
  -327.95
23
   -74.01
33
   166.72
999
RP2
0
3DFACE
8
R1
10
  -327.25
20
   -72.89
30
   163.09
11
  -282.98
21
   -28.43
31
   185.23
12
  -282.08
22
   -29.54
32
   185.68
13
  -326.36
23
   -74.01
33
   163.54
999
RP2
0
3DFACE
8
R1
10
  -284.57
20
   -28.43
30
   188.42
11
  -328.85
21
   -72.89
31
   166.28
12
  -327.95
22
   -74.01
32
   166.72
13
  -283.67
23
   -29.54
33
   188.87
999
RP2
0
3DFACE
8
R1
10
  -282.00
20
   -29.54
30
   185.72
11
  -326.27
21
   -74.01
31
   163.58
12
  -327.87
22
   -74.01
32
   166.77
13
  -283.59
23
   -29.54
33
   188.91
999
RP2
0
3DFACE
8
R1
10
  -281.10
20
   -30.66
30
   186.17
11
  -325.38
21
   -75.13
31
   164.03
12
  -326.27
22
   -74.01
32
   163.58
13
  -282.00
23
   -29.54
33
   185.72
999
RP2
0
3DFACE
8
R1
10
  -326.97
20
   -75.13
30
   167.21
11
  -282.69
21
   -30.66
31
   189.36
12
  -283.59
22
   -29.54
32
   188.91
13
  -327.87
23
   -74.01
33
   166.77
999
RP2
0
3DFACE
8
R1
10
  -400.26
20
   -29.54
30
   126.58
11
  -400.26
21
   -52.29
31
   126.58
12
  -401.85
22
   -52.29
32
   129.77
13
  -401.85
23
   -29.54
33
   129.77
999
RP2
0
3DFACE
8
R1
10
  -398.92
20
   -29.54
30
   127.25
11
  -398.92
21
   -52.29
31
   127.25
12
  -400.26
22
   -52.29
32
   126.58
13
  -400.26
23
   -29.54
33
   126.58
999
RP2
0
3DFACE
8
R1
10
  -400.51
20
   -52.29
30
   130.44
11
  -400.51
21
   -29.54
31
   130.44
12
  -401.85
22
   -29.54
32
   129.77
13
  -401.85
23
   -52.29
33
   129.77
999
RP2
0
3DFACE
8
R1
10
  -400.12
20
   -52.54
30
   126.65
11
  -421.72
21
   -52.54
31
   115.84
12
  -423.32
22
   -52.54
32
   119.03
13
  -401.72
23
   -52.54
33
   129.83
999
RP2
0
3DFACE
8
R1
10
  -400.12
20
   -54.04
30
   126.65
11
  -421.72
21
   -54.04
31
   115.84
12
  -421.72
22
   -52.54
32
   115.84
13
  -400.12
23
   -52.54
33
   126.65
999
RP2
0
3DFACE
8
R1
10
  -423.32
20
   -54.04
30
   119.03
11
  -401.72
21
   -54.04
31
   129.83
12
  -401.72
22
   -52.54
32
   129.83
13
  -423.32
23
   -52.54
33
   119.03
999
RP2
0
3DFACE
8
R1
10
  -335.86
20
   -54.54
30
   158.78
11
  -357.33
21
   -54.54
31
   148.05
12
  -358.92
22
   -54.54
32
   151.24
13
  -337.46
23
   -54.54
33
   161.97
999
RP2
0
3DFACE
8
R1
10
  -335.86
20
   -56.04
30
   158.78
11
  -357.33
21
   -56.04
31
   148.05
12
  -357.33
22
   -54.54
32
   148.05
13
  -335.86
23
   -54.54
33
   158.78
999
RP2
0
3DFACE
8
R1
10
  -358.92
20
   -56.04
30
   151.24
11
  -337.46
21
   -56.04
31
   161.97
12
  -337.46
22
   -54.54
32
   161.97
13
  -358.92
23
   -54.54
33
   151.24
999
RP2
0
3DFACE
8
R1
10
  -357.33
20
   -54.54
30
   148.05
11
  -378.79
21
   -54.54
31
   137.31
12
  -380.39
22
   -54.54
32
   140.50
13
  -358.92
23
   -54.54
33
   151.24
999
RP2
0
3DFACE
8
R1
10
  -357.33
20
   -56.04
30
   148.05
11
  -378.79
21
   -56.04
31
   137.31
12
  -378.79
22
   -54.54
32
   137.31
13
  -357.33
23
   -54.54
33
   148.05
999
RP2
0
3DFACE
8
R1
10
  -380.39
20
   -56.04
30
   140.50
11
  -358.92
21
   -56.04
31
   151.24
12
  -358.92
22
   -54.54
32
   151.24
13
  -380.39
23
   -54.54
33
   140.50
999
RP2
0
3DFACE
8
R1
10
  -378.79
20
   -54.54
30
   137.31
11
  -398.41
21
   -54.54
31
   127.50
12
  -400.01
22
   -54.54
32
   130.69
13
  -380.39
23
   -54.54
33
   140.50
999
RP2
0
3DFACE
8
R1
10
  -378.79
20
   -56.04
30
   137.31
11
  -398.41
21
   -56.04
31
   127.50
12
  -398.41
22
   -54.54
32
   127.50
13
  -378.79
23
   -54.54
33
   137.31
999
RP2
0
3DFACE
8
R1
10
  -400.01
20
   -56.04
30
   130.69
11
  -380.39
21
   -56.04
31
   140.50
12
  -380.39
22
   -54.54
32
   140.50
13
  -400.01
23
   -54.54
33
   130.69
999
RP2
0
3DFACE
8
R1
10
  -321.55
20
   -54.54
30
   165.94
11
  -335.86
21
   -54.54
31
   158.78
12
  -337.46
22
   -54.54
32
   161.97
13
  -323.14
23
   -54.54
33
   169.13
999
RP2
0
3DFACE
8
R1
10
  -321.55
20
   -56.04
30
   165.94
11
  -335.86
21
   -56.04
31
   158.78
12
  -335.86
22
   -54.54
32
   158.78
13
  -321.55
23
   -54.54
33
   165.94
999
RP2
0
3DFACE
8
R1
10
  -337.46
20
   -56.04
30
   161.97
11
  -323.14
21
   -56.04
31
   169.13
12
  -323.14
22
   -54.54
32
   169.13
13
  -337.46
23
   -54.54
33
   161.97
999
RP2
0
3DFACE
8
R1
10
  -277.72
20
   -54.55
30
   187.86
11
  -306.89
21
   -54.54
31
   173.27
12
  -308.48
22
   -54.54
32
   176.46
13
  -279.32
23
   -54.55
33
   191.05
999
RP2
0
3DFACE
8
R1
10
  -277.72
20
   -56.05
30
   187.86
11
  -306.89
21
   -56.04
31
   173.27
12
  -306.89
22
   -54.54
32
   173.27
13
  -277.72
23
   -54.55
33
   187.86
999
RP2
0
3DFACE
8
R1
10
  -308.48
20
   -56.04
30
   176.46
11
  -279.32
21
   -56.05
31
   191.05
12
  -279.32
22
   -54.55
32
   191.05
13
  -308.48
23
   -54.54
33
   176.46
999
RP2
0
3DFACE
8
R1
10
  -306.97
20
   -54.54
30
   173.23
11
  -321.55
21
   -54.54
31
   165.94
12
  -323.14
22
   -54.54
32
   169.13
13
  -308.57
23
   -54.54
33
   176.42
999
RP2
0
3DFACE
8
R1
10
  -306.97
20
   -56.04
30
   173.23
11
  -321.55
21
   -56.04
31
   165.94
12
  -321.55
22
   -54.54
32
   165.94
13
  -306.97
23
   -54.54
33
   173.23
999
RP2
0
3DFACE
8
R1
10
  -323.14
20
   -56.04
30
   169.13
11
  -308.57
21
   -56.04
31
   176.42
12
  -308.57
22
   -54.54
32
   176.42
13
  -323.14
23
   -54.54
33
   169.13
999
RP2
0
TEXT
8
R1t
10
 -349.72
20
  -51.78
30
  191.80
40
120
1
RP2
999
RP2
0
3DFACE
8
R1
10
  -256.41
20
  -121.95
30
   123.93
11
  -208.41
21
  -121.95
31
   107.94
12
  -207.28
22
  -121.95
32
   111.32
13
  -255.28
23
  -121.95
33
   127.31
999
OP1
0
3DFACE
8
R1
10
  -256.41
20
  -120.45
30
   123.93
11
  -208.41
21
  -120.45
31
   107.94
12
  -208.41
22
  -121.95
32
   107.94
13
  -256.41
23
  -121.95
33
   123.93
999
OP1
0
3DFACE
8
R1
10
  -207.28
20
  -120.45
30
   111.32
11
  -255.28
21
  -120.45
31
   127.31
12
  -255.28
22
  -121.95
32
   127.31
13
  -207.28
23
  -121.95
33
   111.32
999
OP1
0
3DFACE
8
R1
10
  -208.41
20
   -53.54
30
   107.94
11
  -256.41
21
   -53.54
31
   123.93
12
  -255.28
22
   -53.54
32
   127.31
13
  -207.28
23
   -53.54
33
   111.32
999
OP1
0
3DFACE
8
R1
10
  -208.41
20
   -55.04
30
   107.94
11
  -256.41
21
   -55.04
31
   123.93
12
  -256.41
22
   -53.54
32
   123.93
13
  -208.41
23
   -53.54
33
   107.94
999
OP1
0
3DFACE
8
R1
10
  -255.28
20
   -55.04
30
   127.31
11
  -207.28
21
   -55.04
31
   111.32
12
  -207.28
22
   -53.54
32
   111.32
13
  -255.28
23
   -53.54
33
   127.31
999
OP1
0
3DFACE
8
R1
10
  -256.41
20
   -97.95
30
   123.93
11
  -208.41
21
   -97.95
31
   107.94
12
  -207.28
22
   -97.95
32
   111.32
13
  -255.28
23
   -97.95
33
   127.31
999
OP1
0
3DFACE
8
R1
10
  -256.41
20
   -96.45
30
   123.93
11
  -208.41
21
   -96.45
31
   107.94
12
  -208.41
22
   -97.95
32
   107.94
13
  -256.41
23
   -97.95
33
   123.93
999
OP1
0
3DFACE
8
R1
10
  -207.28
20
   -96.45
30
   111.32
11
  -255.28
21
   -96.45
31
   127.31
12
  -255.28
22
   -97.95
32
   127.31
13
  -207.28
23
   -97.95
33
   111.32
999
OP1
0
3DFACE
8
R1
10
  -256.41
20
   -73.95
30
   123.93
11
  -208.41
21
   -73.95
31
   107.94
12
  -207.28
22
   -73.95
32
   111.32
13
  -255.28
23
   -73.95
33
   127.31
999
OP1
0
3DFACE
8
R1
10
  -256.41
20
   -72.45
30
   123.93
11
  -208.41
21
   -72.45
31
   107.94
12
  -208.41
22
   -73.95
32
   107.94
13
  -256.41
23
   -73.95
33
   123.93
999
OP1
0
3DFACE
8
R1
10
  -207.28
20
   -72.45
30
   111.32
11
  -255.28
21
   -72.45
31
   127.31
12
  -255.28
22
   -73.95
32
   127.31
13
  -207.28
23
   -73.95
33
   111.32
999
OP1
0
TEXT
8
R1t
10
 -232.41
20
  -87.75
30
  127.87
40
120
1
OP1
999
OP1
0
3DFACE
8
R1
10
  -421.72
20
  -146.01
30
   115.75
11
  -373.72
21
  -146.01
31
   139.76
12
  -375.32
22
  -146.01
32
   142.94
13
  -423.32
23
  -146.01
33
   118.94
999
OP2
0
3DFACE
8
R1
10
  -421.72
20
  -144.51
30
   115.75
11
  -373.72
21
  -144.51
31
   139.76
12
  -373.72
22
  -146.01
32
   139.76
13
  -421.72
23
  -146.01
33
   115.75
999
OP2
0
3DFACE
8
R1
10
  -375.32
20
  -144.51
30
   142.94
11
  -423.32
21
  -144.51
31
   118.94
12
  -423.32
22
  -146.01
32
   118.94
13
  -375.32
23
  -146.01
33
   142.94
999
OP2
0
3DFACE
8
R1
10
  -373.72
20
   -77.62
30
   139.76
11
  -421.72
21
   -77.62
31
   115.75
12
  -423.32
22
   -77.62
32
   118.94
13
  -375.32
23
   -77.62
33
   142.94
999
OP2
0
3DFACE
8
R1
10
  -373.72
20
   -79.12
30
   139.76
11
  -421.72
21
   -79.12
31
   115.75
12
  -421.72
22
   -77.62
32
   115.75
13
  -373.72
23
   -77.62
33
   139.76
999
OP2
0
3DFACE
8
R1
10
  -423.32
20
   -79.12
30
   118.94
11
  -375.32
21
   -79.12
31
   142.94
12
  -375.32
22
   -77.62
32
   142.94
13
  -423.32
23
   -77.62
33
   118.94
999
OP2
0
3DFACE
8
R1
10
  -373.72
20
  -101.62
30
   139.76
11
  -421.72
21
  -101.62
31
   115.75
12
  -423.32
22
  -101.62
32
   118.94
13
  -375.32
23
  -101.62
33
   142.94
999
OP2
0
3DFACE
8
R1
10
  -373.72
20
  -103.12
30
   139.76
11
  -421.72
21
  -103.12
31
   115.75
12
  -421.72
22
  -101.62
32
   115.75
13
  -373.72
23
  -101.62
33
   139.76
999
OP2
0
3DFACE
8
R1
10
  -423.32
20
  -103.12
30
   118.94
11
  -375.32
21
  -103.12
31
   142.94
12
  -375.32
22
  -101.62
32
   142.94
13
  -423.32
23
  -101.62
33
   118.94
999
OP2
0
3DFACE
8
R1
10
  -373.72
20
  -125.62
30
   139.76
11
  -421.72
21
  -125.62
31
   115.75
12
  -423.32
22
  -125.62
32
   118.94
13
  -375.32
23
  -125.62
33
   142.94
999
OP2
0
3DFACE
8
R1
10
  -373.72
20
  -127.12
30
   139.76
11
  -421.72
21
  -127.12
31
   115.75
12
  -421.72
22
  -125.62
32
   115.75
13
  -373.72
23
  -125.62
33
   139.76
999
OP2
0
3DFACE
8
R1
10
  -423.32
20
  -127.12
30
   118.94
11
  -375.32
21
  -127.12
31
   142.94
12
  -375.32
22
  -125.62
32
   142.94
13
  -423.32
23
  -125.62
33
   118.94
999
OP2
0
TEXT
8
R1t
10
 -397.72
20
 -111.81
30
  143.69
40
120
1
OP2
999
OP2
0
3DFACE
8
R1
10
  -208.41
20
  -173.54
30
   107.94
11
  -208.41
21
  -125.62
31
   107.94
12
  -207.28
22
  -125.62
32
   111.32
13
  -207.28
23
  -173.54
33
   111.32
999
RP1
0
3DFACE
8
R1
10
  -209.83
20
  -173.54
30
   108.41
11
  -209.83
21
  -125.62
31
   108.41
12
  -208.41
22
  -125.62
32
   107.94
13
  -208.41
23
  -173.54
33
   107.94
999
RP1
0
3DFACE
8
R1
10
  -208.71
20
  -125.62
30
   111.79
11
  -208.71
21
  -173.54
31
   111.79
12
  -207.28
22
  -173.54
32
   111.32
13
  -207.28
23
  -125.62
33
   111.32
999
RP1
0
3DFACE
8
R1
10
  -303.29
20
  -173.54
30
   139.55
11
  -208.41
21
  -173.54
31
   107.94
12
  -207.28
22
  -173.54
32
   111.32
13
  -302.16
23
  -173.54
33
   142.93
999
RP1
0
3DFACE
8
R1
10
  -303.29
20
  -172.04
30
   139.55
11
  -208.41
21
  -172.04
31
   107.94
12
  -208.41
22
  -173.54
32
   107.94
13
  -303.29
23
  -173.54
33
   139.55
999
RP1
0
3DFACE
8
R1
10
  -207.28
20
  -172.04
30
   111.32
11
  -302.16
21
  -172.04
31
   142.93
12
  -302.16
22
  -173.54
32
   142.93
13
  -207.28
23
  -173.54
33
   111.32
999
RP1
0
3DFACE
8
R1
10
  -303.29
20
  -125.62
30
   139.55
11
  -303.29
21
  -173.54
31
   139.55
12
  -302.16
22
  -173.54
32
   142.93
13
  -302.16
23
  -125.62
33
   142.93
999
RP1
0
3DFACE
8
R1
10
  -301.86
20
  -125.62
30
   139.08
11
  -301.86
21
  -173.54
31
   139.08
12
  -303.29
22
  -173.54
32
   139.55
13
  -303.29
23
  -125.62
33
   139.55
999
RP1
0
3DFACE
8
R1
10
  -300.74
20
  -173.54
30
   142.46
11
  -300.74
21
  -125.62
31
   142.46
12
  -302.16
22
  -125.62
32
   142.93
13
  -302.16
23
  -173.54
33
   142.93
999
RP1
0
3DFACE
8
R1
10
  -208.41
20
  -125.62
30
   107.94
11
  -303.29
21
  -125.62
31
   139.55
12
  -302.16
22
  -125.62
32
   142.93
13
  -207.28
23
  -125.62
33
   111.32
999
RP1
0
3DFACE
8
R1
10
  -208.41
20
  -127.12
30
   107.94
11
  -303.29
21
  -127.12
31
   139.55
12
  -303.29
22
  -125.62
32
   139.55
13
  -208.41
23
  -125.62
33
   107.94
999
RP1
0
3DFACE
8
R1
10
  -302.16
20
  -127.12
30
   142.93
11
  -207.28
21
  -127.12
31
   111.32
12
  -207.28
22
  -125.62
32
   111.32
13
  -302.16
23
  -125.62
33
   142.93
999
RP1
0
3DFACE
8
R1
10
  -257.75
20
  -125.62
30
   124.38
11
  -257.75
21
  -173.55
31
   124.38
12
  -256.62
22
  -173.55
32
   127.76
13
  -256.62
23
  -125.62
33
   127.76
999
RP1
0
3DFACE
8
R1
10
  -256.32
20
  -125.62
30
   123.90
11
  -256.32
21
  -173.55
31
   123.90
12
  -257.75
22
  -173.55
32
   124.38
13
  -257.75
23
  -125.62
33
   124.38
999
RP1
0
3DFACE
8
R1
10
  -255.20
20
  -173.55
30
   127.28
11
  -255.20
21
  -125.62
31
   127.28
12
  -256.62
22
  -125.62
32
   127.76
13
  -256.62
23
  -173.55
33
   127.76
999
RP1
0
3DFACE
8
R1
10
  -280.52
20
  -125.62
30
   131.97
11
  -280.52
21
  -173.54
31
   131.97
12
  -279.39
22
  -173.54
32
   135.35
13
  -279.39
23
  -125.62
33
   135.35
999
RP1
0
3DFACE
8
R1
10
  -279.09
20
  -125.62
30
   131.49
11
  -279.09
21
  -173.54
31
   131.49
12
  -280.52
22
  -173.54
32
   131.97
13
  -280.52
23
  -125.62
33
   131.97
999
RP1
0
3DFACE
8
R1
10
  -277.97
20
  -173.54
30
   134.87
11
  -277.97
21
  -125.62
31
   134.87
12
  -279.39
22
  -125.62
32
   135.35
13
  -279.39
23
  -173.54
33
   135.35
999
RP1
0
3DFACE
8
R1
10
  -250.42
20
  -125.62
30
   121.94
11
  -211.41
21
  -173.54
31
   108.94
12
  -210.28
22
  -173.54
32
   112.32
13
  -249.30
23
  -125.62
33
   125.32
999
RP1
0
3DFACE
8
R1
10
  -249.34
20
  -124.64
30
   121.58
11
  -210.33
21
  -172.57
31
   108.58
12
  -211.41
22
  -173.54
32
   108.94
13
  -250.42
23
  -125.62
33
   121.94
999
RP1
0
3DFACE
8
R1
10
  -209.20
20
  -172.57
30
   111.96
11
  -248.22
21
  -124.64
31
   124.96
12
  -249.30
22
  -125.62
32
   125.32
13
  -210.28
23
  -173.54
33
   112.32
999
RP1
0
3DFACE
8
R1
10
  -211.48
20
  -173.54
30
   108.96
11
  -250.50
21
  -125.62
31
   121.96
12
  -249.37
22
  -125.62
32
   125.34
13
  -210.36
23
  -173.54
33
   112.34
999
RP1
0
3DFACE
8
R1
10
  -212.56
20
  -174.52
30
   109.32
11
  -251.58
21
  -126.59
31
   122.32
12
  -250.50
22
  -125.62
32
   121.96
13
  -211.48
23
  -173.54
33
   108.96
999
RP1
0
3DFACE
8
R1
10
  -250.45
20
  -126.59
30
   125.70
11
  -211.44
21
  -174.52
31
   112.70
12
  -210.36
22
  -173.54
32
   112.34
13
  -249.37
23
  -125.62
33
   125.34
999
RP1
0
3DFACE
8
R1
10
  -303.29
20
  -148.54
30
   139.55
11
  -280.52
21
  -148.54
31
   131.97
12
  -279.39
22
  -148.54
32
   135.35
13
  -302.16
23
  -148.54
33
   142.93
999
RP1
0
3DFACE
8
R1
10
  -303.29
20
  -147.04
30
   139.55
11
  -280.52
21
  -147.04
31
   131.97
12
  -280.52
22
  -148.54
32
   131.97
13
  -303.29
23
  -148.54
33
   139.55
999
RP1
0
3DFACE
8
R1
10
  -279.39
20
  -147.04
30
   135.35
11
  -302.16
21
  -147.04
31
   142.93
12
  -302.16
22
  -148.54
32
   142.93
13
  -279.39
23
  -148.54
33
   135.35
999
RP1
0
3DFACE
8
R1
10
  -280.52
20
  -148.54
30
   131.97
11
  -257.75
21
  -148.54
31
   124.38
12
  -256.62
22
  -148.54
32
   127.76
13
  -279.39
23
  -148.54
33
   135.35
999
RP1
0
3DFACE
8
R1
10
  -280.52
20
  -147.04
30
   131.97
11
  -257.75
21
  -147.04
31
   124.38
12
  -257.75
22
  -148.54
32
   124.38
13
  -280.52
23
  -148.54
33
   131.97
999
RP1
0
3DFACE
8
R1
10
  -256.62
20
  -147.04
30
   127.76
11
  -279.39
21
  -147.04
31
   135.35
12
  -279.39
22
  -148.54
32
   135.35
13
  -256.62
23
  -148.54
33
   127.76
999
RP1
0
3DFACE
8
R1
10
  -234.98
20
  -173.54
30
   116.79
11
  -234.98
21
  -144.68
31
   116.79
12
  -233.85
22
  -144.68
32
   120.17
13
  -233.85
23
  -173.54
33
   120.17
999
RP1
0
3DFACE
8
R1
10
  -236.40
20
  -173.54
30
   117.26
11
  -236.40
21
  -144.68
31
   117.26
12
  -234.98
22
  -144.68
32
   116.79
13
  -234.98
23
  -173.54
33
   116.79
999
RP1
0
3DFACE
8
R1
10
  -235.27
20
  -144.68
30
   120.64
11
  -235.27
21
  -173.54
31
   120.64
12
  -233.85
22
  -173.54
32
   120.17
13
  -233.85
23
  -144.68
33
   120.17
999
RP1
0
3DFACE
8
R1
10
  -235.01
20
  -144.54
30
   116.80
11
  -208.41
21
  -144.54
31
   107.94
12
  -207.28
22
  -144.54
32
   111.32
13
  -233.89
23
  -144.54
33
   120.18
999
RP1
0
3DFACE
8
R1
10
  -235.01
20
  -143.04
30
   116.80
11
  -208.41
21
  -143.04
31
   107.94
12
  -208.41
22
  -144.54
32
   107.94
13
  -235.01
23
  -144.54
33
   116.80
999
RP1
0
3DFACE
8
R1
10
  -207.28
20
  -143.04
30
   111.32
11
  -233.89
21
  -143.04
31
   120.18
12
  -233.89
22
  -144.54
32
   120.18
13
  -207.28
23
  -144.54
33
   111.32
999
RP1
0
3DFACE
8
R1
10
  -257.75
20
  -148.54
30
   124.38
11
  -234.98
21
  -148.54
31
   116.79
12
  -233.85
22
  -148.54
32
   120.17
13
  -256.62
23
  -148.54
33
   127.76
999
RP1
0
3DFACE
8
R1
10
  -257.75
20
  -147.04
30
   124.38
11
  -234.98
21
  -147.04
31
   116.79
12
  -234.98
22
  -148.54
32
   116.79
13
  -257.75
23
  -148.54
33
   124.38
999
RP1
0
3DFACE
8
R1
10
  -233.85
20
  -147.04
30
   120.17
11
  -256.62
21
  -147.04
31
   127.76
12
  -256.62
22
  -148.54
32
   127.76
13
  -233.85
23
  -148.54
33
   120.17
999
RP1
0
TEXT
8
R1t
10
 -255.85
20
 -149.55
30
  143.49
40
120
1
RP1
999
RP1
0
3DFACE
8
R1
10
  -325.72
20
  -146.04
30
   163.87
11
  -277.72
21
  -146.04
31
   187.88
12
  -279.32
22
  -146.04
32
   191.06
13
  -327.32
23
  -146.04
33
   167.06
999
OP3
0
3DFACE
8
R1
10
  -325.72
20
  -144.54
30
   163.87
11
  -277.72
21
  -144.54
31
   187.87
12
  -277.72
22
  -146.04
32
   187.88
13
  -325.72
23
  -146.04
33
   163.87
999
OP3
0
3DFACE
8
R1
10
  -279.32
20
  -144.54
30
   191.06
11
  -327.32
21
  -144.54
31
   167.06
12
  -327.32
22
  -146.04
32
   167.06
13
  -279.32
23
  -146.04
33
   191.06
999
OP3
0
3DFACE
8
R1
10
  -277.72
20
   -77.62
30
   187.87
11
  -325.72
21
   -77.62
31
   163.87
12
  -327.32
22
   -77.62
32
   167.06
13
  -279.32
23
   -77.62
33
   191.06
999
OP3
0
3DFACE
8
R1
10
  -277.72
20
   -79.12
30
   187.88
11
  -325.72
21
   -79.12
31
   163.87
12
  -325.72
22
   -77.62
32
   163.87
13
  -277.72
23
   -77.62
33
   187.87
999
OP3
0
3DFACE
8
R1
10
  -327.32
20
   -79.12
30
   167.06
11
  -279.32
21
   -79.12
31
   191.06
12
  -279.32
22
   -77.62
32
   191.06
13
  -327.32
23
   -77.62
33
   167.06
999
OP3
0
3DFACE
8
R1
10
  -277.72
20
  -101.62
30
   187.87
11
  -325.72
21
  -101.62
31
   163.87
12
  -327.32
22
  -101.62
32
   167.06
13
  -279.32
23
  -101.62
33
   191.06
999
OP3
0
3DFACE
8
R1
10
  -277.72
20
  -103.12
30
   187.87
11
  -325.72
21
  -103.12
31
   163.87
12
  -325.72
22
  -101.62
32
   163.87
13
  -277.72
23
  -101.62
33
   187.87
999
OP3
0
3DFACE
8
R1
10
  -327.32
20
  -103.12
30
   167.06
11
  -279.32
21
  -103.12
31
   191.06
12
  -279.32
22
  -101.62
32
   191.06
13
  -327.32
23
  -101.62
33
   167.06
999
OP3
0
3DFACE
8
R1
10
  -277.72
20
  -125.62
30
   187.88
11
  -325.72
21
  -125.62
31
   163.87
12
  -327.32
22
  -125.62
32
   167.06
13
  -279.32
23
  -125.62
33
   191.06
999
OP3
0
3DFACE
8
R1
10
  -277.72
20
  -127.12
30
   187.87
11
  -325.72
21
  -127.12
31
   163.87
12
  -325.72
22
  -125.62
32
   163.87
13
  -277.72
23
  -125.62
33
   187.88
999
OP3
0
3DFACE
8
R1
10
  -327.32
20
  -127.12
30
   167.06
11
  -279.32
21
  -127.12
31
   191.06
12
  -279.32
22
  -125.62
32
   191.06
13
  -327.32
23
  -125.62
33
   167.06
999
OP3
0
TEXT
8
R1t
10
 -301.72
20
 -111.83
30
  191.81
40
120
1
OP3
999
OP3
0
3DFACE
8
n2
10
  -231.35
20
  -173.48
30
    -6.00
11
  -231.35
21
   -29.61
31
    -6.00
12
  -231.35
22
   -29.61
32
    -0.00
13
  -231.35
23
  -173.48
33
    -0.00
999
SLAB
0
3DFACE
8
n2
10
  -375.35
20
  -173.48
30
    -6.00
11
  -375.35
21
   -29.61
31
    -6.00
12
  -231.35
22
   -29.61
32
    -6.00
13
  -231.35
23
  -173.48
33
    -6.00
999
SLAB
0
3DFACE
8
n2
10
  -375.35
20
   -29.61
30
    -0.00
11
  -375.35
21
  -173.48
31
    -0.00
12
  -231.35
22
  -173.48
32
    -0.00
13
  -231.35
23
   -29.61
33
    -0.00
999
SLAB
0
3DFACE
8
n2
10
  -399.22
20
  -173.48
30
    -6.00
11
  -231.35
21
  -173.48
31
    -6.00
12
  -231.35
22
  -173.48
32
    -0.00
13
  -399.22
23
  -173.48
33
    -0.00
999
SLAB
0
3DFACE
8
n2
10
  -399.22
20
   -29.48
30
    -6.00
11
  -231.35
21
   -29.48
31
    -6.00
12
  -231.35
22
  -173.48
32
    -6.00
13
  -399.22
23
  -173.48
33
    -6.00
999
SLAB
0
3DFACE
8
n2
10
  -231.35
20
   -29.48
30
    -0.00
11
  -399.22
21
   -29.48
31
    -0.00
12
  -399.22
22
  -173.48
32
    -0.00
13
  -231.35
23
  -173.48
33
    -0.00
999
SLAB
0
3DFACE
8
n2
10
  -399.22
20
   -29.61
30
    -6.00
11
  -399.22
21
  -173.48
31
    -6.00
12
  -399.22
22
  -173.48
32
    -0.00
13
  -399.22
23
   -29.61
33
    -0.00
999
SLAB
0
3DFACE
8
n2
10
  -255.22
20
   -29.61
30
    -6.00
11
  -255.22
21
  -173.48
31
    -6.00
12
  -399.22
22
  -173.48
32
    -6.00
13
  -399.22
23
   -29.61
33
    -6.00
999
SLAB
0
3DFACE
8
n2
10
  -255.22
20
  -173.48
30
    -0.00
11
  -255.22
21
   -29.61
31
    -0.00
12
  -399.22
22
   -29.61
32
    -0.00
13
  -399.22
23
  -173.48
33
    -0.00
999
SLAB
0
3DFACE
8
n2
10
  -231.35
20
   -29.61
30
    -6.00
11
  -399.22
21
   -29.61
31
    -6.00
12
  -399.22
22
   -29.61
32
    -0.00
13
  -231.35
23
   -29.61
33
    -0.00
999
SLAB
0
3DFACE
8
n2
10
  -231.35
20
  -173.61
30
    -6.00
11
  -399.22
21
  -173.61
31
    -6.00
12
  -399.22
22
   -29.61
32
    -6.00
13
  -231.35
23
   -29.61
33
    -6.00
999
SLAB
0
3DFACE
8
n2
10
  -399.22
20
  -173.61
30
    -0.00
11
  -231.35
21
  -173.61
31
    -0.00
12
  -231.35
22
   -29.61
32
    -0.00
13
  -399.22
23
   -29.61
33
    -0.00
999
SLAB
0
TEXT
8
n2t
10
 -315.29
20
 -101.54
30
   -2.06
40
120
1
SLAB
999
SLAB
0
3DFACE
8
RT1
10
  -423.29
20
  -173.54
30
   119.00
11
  -279.29
21
  -173.54
31
   191.02
12
  -279.29
22
  -170.00
32
   191.02
13
  -423.29
23
  -170.00
33
   119.00
999
T1
0
3DFACE
8
RT1
10
  -423.29
20
  -173.54
30
   119.00
11
  -422.63
21
  -173.54
31
   117.70
12
  -278.63
22
  -173.54
32
   189.71
13
  -279.29
23
  -173.54
33
   191.02
999
T1
0
3DFACE
8
RT1
10
  -423.29
20
  -170.00
30
   119.00
11
  -279.29
21
  -170.00
31
   191.02
12
  -278.63
22
  -170.00
32
   189.71
13
  -422.63
23
  -170.00
33
   117.70
999
T1
0
3DFACE
8
RT1
10
  -395.79
20
  -170.00
30
   120.00
11
  -306.79
21
  -170.00
31
   164.51
12
  -306.79
22
  -173.54
32
   164.51
13
  -395.79
23
  -173.54
33
   120.00
999
T1
0
3DFACE
8
RT1
10
  -395.79
20
  -170.00
30
   120.00
11
  -396.44
21
  -170.00
31
   121.30
12
  -307.44
22
  -170.00
32
   165.81
13
  -306.79
23
  -170.00
33
   164.51
999
T1
0
3DFACE
8
RT1
10
  -395.79
20
  -173.54
30
   120.00
11
  -306.79
21
  -173.54
31
   164.51
12
  -307.44
22
  -173.54
32
   165.81
13
  -396.44
23
  -173.54
33
   121.30
999
T1
0
3DFACE
8
RT1
10
  -395.79
20
  -173.54
30
   120.73
11
  -395.79
21
  -173.54
31
   132.75
12
  -395.79
22
  -170.00
32
   132.75
13
  -395.79
23
  -170.00
33
   120.73
999
T1
0
3DFACE
8
RT1
10
  -395.79
20
  -173.54
30
   120.73
11
  -394.33
21
  -173.54
31
   120.73
12
  -394.33
22
  -173.54
32
   132.75
13
  -395.79
23
  -173.54
33
   132.75
999
T1
0
3DFACE
8
RT1
10
  -395.79
20
  -170.00
30
   120.73
11
  -395.79
21
  -170.00
31
   132.75
12
  -394.33
22
  -170.00
32
   132.75
13
  -394.33
23
  -170.00
33
   120.73
999
T1
0
3DFACE
8
RT1
10
  -306.79
20
  -170.00
30
   164.51
11
  -306.79
21
  -170.00
31
   176.53
12
  -306.79
22
  -173.54
32
   176.53
13
  -306.79
23
  -173.54
33
   164.51
999
T1
0
3DFACE
8
RT1
10
  -306.79
20
  -170.00
30
   164.51
11
  -308.24
21
  -170.00
31
   164.51
12
  -308.24
22
  -170.00
32
   176.53
13
  -306.79
23
  -170.00
33
   176.53
999
T1
0
3DFACE
8
RT1
10
  -306.79
20
  -173.54
30
   164.51
11
  -306.79
21
  -173.54
31
   176.53
12
  -308.24
22
  -173.54
32
   176.53
13
  -308.24
23
  -173.54
33
   164.51
999
T1
0
3DFACE
8
RT1
10
  -394.28
20
  -173.54
30
   122.21
11
  -381.04
21
  -173.54
31
   140.15
12
  -381.04
22
  -170.00
32
   140.15
13
  -394.28
23
  -170.00
33
   122.21
999
T1
0
3DFACE
8
RT1
10
  -394.28
20
  -173.54
30
   122.21
11
  -393.11
21
  -173.54
31
   121.34
12
  -379.87
22
  -173.54
32
   139.29
13
  -381.04
23
  -173.54
33
   140.15
999
T1
0
3DFACE
8
RT1
10
  -394.28
20
  -170.00
30
   122.21
11
  -381.04
21
  -170.00
31
   140.15
12
  -379.87
22
  -170.00
32
   139.29
13
  -393.11
23
  -170.00
33
   121.34
999
T1
0
3DFACE
8
RT1
10
  -379.21
20
  -173.54
30
   141.04
11
  -365.73
21
  -173.54
31
   136.15
12
  -365.73
22
  -170.00
32
   136.15
13
  -379.21
23
  -170.00
33
   141.04
999
T1
0
3DFACE
8
RT1
10
  -379.21
20
  -173.54
30
   141.04
11
  -379.70
21
  -173.54
31
   139.67
12
  -366.22
22
  -173.54
32
   134.78
13
  -365.73
23
  -173.54
33
   136.15
999
T1
0
3DFACE
8
RT1
10
  -379.21
20
  -170.00
30
   141.04
11
  -365.73
21
  -170.00
31
   136.15
12
  -366.22
22
  -170.00
32
   134.78
13
  -379.70
23
  -170.00
33
   139.67
999
T1
0
3DFACE
8
RT1
10
  -365.58
20
  -173.54
30
   136.56
11
  -352.45
21
  -173.54
31
   154.45
12
  -352.45
22
  -170.00
32
   154.45
13
  -365.58
23
  -170.00
33
   136.56
999
T1
0
3DFACE
8
RT1
10
  -365.58
20
  -173.54
30
   136.56
11
  -364.40
21
  -173.54
31
   135.70
12
  -351.28
22
  -173.54
32
   153.59
13
  -352.45
23
  -173.54
33
   154.45
999
T1
0
3DFACE
8
RT1
10
  -365.58
20
  -170.00
30
   136.56
11
  -352.45
21
  -170.00
31
   154.45
12
  -351.28
22
  -170.00
32
   153.59
13
  -364.40
23
  -170.00
33
   135.70
999
T1
0
3DFACE
8
RT1
10
  -350.62
20
  -173.54
30
   155.34
11
  -337.14
21
  -173.54
31
   150.45
12
  -337.14
22
  -170.00
32
   150.45
13
  -350.62
23
  -170.00
33
   155.34
999
T1
0
3DFACE
8
RT1
10
  -350.62
20
  -173.54
30
   155.34
11
  -351.11
21
  -173.54
31
   153.97
12
  -337.63
22
  -173.54
32
   149.08
13
  -337.14
23
  -173.54
33
   150.45
999
T1
0
3DFACE
8
RT1
10
  -350.62
20
  -170.00
30
   155.34
11
  -337.14
21
  -170.00
31
   150.45
12
  -337.63
22
  -170.00
32
   149.08
13
  -351.11
23
  -170.00
33
   153.97
999
T1
0
3DFACE
8
RT1
10
  -336.99
20
  -173.54
30
   150.86
11
  -323.86
21
  -173.54
31
   168.75
12
  -323.86
22
  -170.00
32
   168.75
13
  -336.99
23
  -170.00
33
   150.86
999
T1
0
3DFACE
8
RT1
10
  -336.99
20
  -173.54
30
   150.86
11
  -335.81
21
  -173.54
31
   150.00
12
  -322.69
22
  -173.54
32
   167.89
13
  -323.86
23
  -173.54
33
   168.75
999
T1
0
3DFACE
8
RT1
10
  -336.99
20
  -170.00
30
   150.86
11
  -323.86
21
  -170.00
31
   168.75
12
  -322.69
22
  -170.00
32
   167.89
13
  -335.81
23
  -170.00
33
   150.00
999
T1
0
3DFACE
8
RT1
10
  -322.03
20
  -173.54
30
   169.64
11
  -308.45
21
  -173.54
31
   164.81
12
  -308.45
22
  -170.00
32
   164.81
13
  -322.03
23
  -170.00
33
   169.64
999
T1
0
3DFACE
8
RT1
10
  -322.03
20
  -173.54
30
   169.64
11
  -322.51
21
  -173.54
31
   168.27
12
  -308.94
22
  -173.54
32
   163.44
13
  -308.45
23
  -173.54
33
   164.81
999
T1
0
3DFACE
8
RT1
10
  -322.03
20
  -170.00
30
   169.64
11
  -308.45
21
  -170.00
31
   164.81
12
  -308.94
22
  -170.00
32
   163.44
13
  -322.51
23
  -170.00
33
   168.27
999
T1
0
3DFACE
8
RT1
10
  -415.30
20
  -149.55
30
   122.99
11
  -287.27
21
  -149.55
31
   187.02
12
  -287.27
22
  -146.01
32
   187.02
13
  -415.30
23
  -146.01
33
   122.99
999
T2
0
3DFACE
8
RT1
10
  -415.30
20
  -149.55
30
   122.99
11
  -414.65
21
  -149.55
31
   121.69
12
  -286.62
22
  -149.55
32
   185.72
13
  -287.27
23
  -149.55
33
   187.02
999
T2
0
3DFACE
8
RT1
10
  -415.30
20
  -146.01
30
   122.99
11
  -287.27
21
  -146.01
31
   187.02
12
  -286.62
22
  -146.01
32
   185.72
13
  -414.65
23
  -146.01
33
   121.69
999
T2
0
3DFACE
8
RT1
10
  -395.79
20
  -146.01
30
   120.00
11
  -306.79
21
  -146.01
31
   164.51
12
  -306.79
22
  -149.55
32
   164.51
13
  -395.79
23
  -149.55
33
   120.00
999
T2
0
3DFACE
8
RT1
10
  -395.79
20
  -146.01
30
   120.00
11
  -396.44
21
  -146.01
31
   121.30
12
  -307.44
22
  -146.01
32
   165.81
13
  -306.79
23
  -146.01
33
   164.51
999
T2
0
3DFACE
8
RT1
10
  -395.79
20
  -149.55
30
   120.00
11
  -306.79
21
  -149.55
31
   164.51
12
  -307.44
22
  -149.55
32
   165.81
13
  -396.44
23
  -149.55
33
   121.30
999
T2
0
3DFACE
8
RT1
10
  -306.79
20
  -146.01
30
   164.51
11
  -306.79
21
  -146.01
31
   176.53
12
  -306.79
22
  -149.55
32
   176.53
13
  -306.79
23
  -149.55
33
   164.51
999
T2
0
3DFACE
8
RT1
10
  -306.79
20
  -146.01
30
   164.51
11
  -308.24
21
  -146.01
31
   164.51
12
  -308.24
22
  -146.01
32
   176.53
13
  -306.79
23
  -146.01
33
   176.53
999
T2
0
3DFACE
8
RT1
10
  -306.79
20
  -149.55
30
   164.51
11
  -306.79
21
  -149.55
31
   176.53
12
  -308.24
22
  -149.55
32
   176.53
13
  -308.24
23
  -149.55
33
   164.51
999
T2
0
3DFACE
8
RT1
10
  -395.79
20
  -149.55
30
   120.73
11
  -395.79
21
  -149.55
31
   132.75
12
  -395.79
22
  -146.01
32
   132.75
13
  -395.79
23
  -146.01
33
   120.73
999
T2
0
3DFACE
8
RT1
10
  -395.79
20
  -149.55
30
   120.73
11
  -394.33
21
  -149.55
31
   120.73
12
  -394.33
22
  -149.55
32
   132.75
13
  -395.79
23
  -149.55
33
   132.75
999
T2
0
3DFACE
8
RT1
10
  -395.79
20
  -146.01
30
   120.73
11
  -395.79
21
  -146.01
31
   132.75
12
  -394.33
22
  -146.01
32
   132.75
13
  -394.33
23
  -146.01
33
   120.73
999
T2
0
3DFACE
8
RT1
10
  -393.64
20
  -149.55
30
   133.83
11
  -377.29
21
  -149.55
31
   130.54
12
  -377.29
22
  -146.01
32
   130.54
13
  -393.64
23
  -146.01
33
   133.83
999
T2
0
3DFACE
8
RT1
10
  -393.64
20
  -149.55
30
   133.83
11
  -393.92
21
  -149.55
31
   132.40
12
  -377.58
22
  -149.55
32
   129.12
13
  -377.29
23
  -149.55
33
   130.54
999
T2
0
3DFACE
8
RT1
10
  -393.64
20
  -146.01
30
   133.83
11
  -377.29
21
  -146.01
31
   130.54
12
  -377.58
22
  -146.01
32
   129.12
13
  -393.92
23
  -146.01
33
   132.40
999
T2
0
3DFACE
8
RT1
10
  -377.02
20
  -149.55
30
   130.88
11
  -360.96
21
  -149.55
31
   150.21
12
  -360.96
22
  -146.01
32
   150.21
13
  -377.02
23
  -146.01
33
   130.88
999
T2
0
3DFACE
8
RT1
10
  -377.02
20
  -149.55
30
   130.88
11
  -375.90
21
  -149.55
31
   129.95
12
  -359.84
22
  -149.55
32
   149.28
13
  -360.96
23
  -149.55
33
   150.21
999
T2
0
3DFACE
8
RT1
10
  -377.02
20
  -146.01
30
   130.88
11
  -360.96
21
  -146.01
31
   150.21
12
  -359.84
22
  -146.01
32
   149.28
13
  -375.90
23
  -146.01
33
   129.95
999
T2
0
3DFACE
8
RT1
10
  -359.27
20
  -149.55
30
   151.01
11
  -342.98
21
  -149.55
31
   147.70
12
  -342.98
22
  -146.01
32
   147.70
13
  -359.27
23
  -146.01
33
   151.01
999
T2
0
3DFACE
8
RT1
10
  -359.27
20
  -149.55
30
   151.01
11
  -359.56
21
  -149.55
31
   149.59
12
  -343.27
22
  -149.55
32
   146.27
13
  -342.98
23
  -149.55
33
   147.70
999
T2
0
3DFACE
8
RT1
10
  -359.27
20
  -146.01
30
   151.01
11
  -342.98
21
  -146.01
31
   147.70
12
  -343.27
22
  -146.01
32
   146.27
13
  -359.56
23
  -146.01
33
   149.59
999
T2
0
3DFACE
8
RT1
10
  -342.71
20
  -149.55
30
   148.04
11
  -326.65
21
  -149.55
31
   167.37
12
  -326.65
22
  -146.01
32
   167.37
13
  -342.71
23
  -146.01
33
   148.04
999
T2
0
3DFACE
8
RT1
10
  -342.71
20
  -149.55
30
   148.04
11
  -341.59
21
  -149.55
31
   147.11
12
  -325.53
22
  -149.55
32
   166.43
13
  -326.65
23
  -149.55
33
   167.37
999
T2
0
3DFACE
8
RT1
10
  -342.71
20
  -146.01
30
   148.04
11
  -326.65
21
  -146.01
31
   167.37
12
  -325.53
22
  -146.01
32
   166.43
13
  -341.59
23
  -146.01
33
   147.11
999
T2
0
3DFACE
8
RT1
10
  -324.96
20
  -149.55
30
   168.17
11
  -308.53
21
  -149.55
31
   164.93
12
  -308.53
22
  -146.01
32
   164.93
13
  -324.96
23
  -146.01
33
   168.17
999
T2
0
3DFACE
8
RT1
10
  -324.96
20
  -149.55
30
   168.17
11
  -325.25
21
  -149.55
31
   166.74
12
  -308.81
22
  -149.55
32
   163.50
13
  -308.53
23
  -149.55
33
   164.93
999
T2
0
3DFACE
8
RT1
10
  -324.96
20
  -146.01
30
   168.17
11
  -308.53
21
  -146.01
31
   164.93
12
  -308.81
22
  -146.01
32
   163.50
13
  -325.25
23
  -146.01
33
   166.74
999
T2
0
3DFACE
8
RT1
10
  -415.30
20
  -125.55
30
   122.99
11
  -287.27
21
  -125.55
31
   187.02
12
  -287.27
22
  -122.01
32
   187.02
13
  -415.30
23
  -122.01
33
   122.99
999
T4
0
3DFACE
8
RT1
10
  -415.30
20
  -125.55
30
   122.99
11
  -414.65
21
  -125.55
31
   121.69
12
  -286.62
22
  -125.55
32
   185.72
13
  -287.27
23
  -125.55
33
   187.02
999
T4
0
3DFACE
8
RT1
10
  -415.30
20
  -122.01
30
   122.99
11
  -287.27
21
  -122.01
31
   187.02
12
  -286.62
22
  -122.01
32
   185.72
13
  -414.65
23
  -122.01
33
   121.69
999
T4
0
3DFACE
8
RT1
10
  -395.79
20
  -122.01
30
   120.00
11
  -306.79
21
  -122.01
31
   164.51
12
  -306.79
22
  -125.55
32
   164.51
13
  -395.79
23
  -125.55
33
   120.00
999
T4
0
3DFACE
8
RT1
10
  -395.79
20
  -122.01
30
   120.00
11
  -396.44
21
  -122.01
31
   121.30
12
  -307.44
22
  -122.01
32
   165.81
13
  -306.79
23
  -122.01
33
   164.51
999
T4
0
3DFACE
8
RT1
10
  -395.79
20
  -125.55
30
   120.00
11
  -306.79
21
  -125.55
31
   164.51
12
  -307.44
22
  -125.55
32
   165.81
13
  -396.44
23
  -125.55
33
   121.30
999
T4
0
3DFACE
8
RT1
10
  -306.79
20
  -122.01
30
   164.51
11
  -306.79
21
  -122.01
31
   176.53
12
  -306.79
22
  -125.55
32
   176.53
13
  -306.79
23
  -125.55
33
   164.51
999
T4
0
3DFACE
8
RT1
10
  -306.79
20
  -122.01
30
   164.51
11
  -308.24
21
  -122.01
31
   164.51
12
  -308.24
22
  -122.01
32
   176.53
13
  -306.79
23
  -122.01
33
   176.53
999
T4
0
3DFACE
8
RT1
10
  -306.79
20
  -125.55
30
   164.51
11
  -306.79
21
  -125.55
31
   176.53
12
  -308.24
22
  -125.55
32
   176.53
13
  -308.24
23
  -125.55
33
   164.51
999
T4
0
3DFACE
8
RT1
10
  -395.79
20
  -125.55
30
   120.73
11
  -395.79
21
  -125.55
31
   132.75
12
  -395.79
22
  -122.01
32
   132.75
13
  -395.79
23
  -122.01
33
   120.73
999
T4
0
3DFACE
8
RT1
10
  -395.79
20
  -125.55
30
   120.73
11
  -394.33
21
  -125.55
31
   120.73
12
  -394.33
22
  -125.55
32
   132.75
13
  -395.79
23
  -125.55
33
   132.75
999
T4
0
3DFACE
8
RT1
10
  -395.79
20
  -122.01
30
   120.73
11
  -395.79
21
  -122.01
31
   132.75
12
  -394.33
22
  -122.01
32
   132.75
13
  -394.33
23
  -122.01
33
   120.73
999
T4
0
3DFACE
8
RT1
10
  -393.64
20
  -125.55
30
   133.83
11
  -377.29
21
  -125.55
31
   130.54
12
  -377.29
22
  -122.01
32
   130.54
13
  -393.64
23
  -122.01
33
   133.83
999
T4
0
3DFACE
8
RT1
10
  -393.64
20
  -125.55
30
   133.83
11
  -393.92
21
  -125.55
31
   132.40
12
  -377.58
22
  -125.55
32
   129.12
13
  -377.29
23
  -125.55
33
   130.54
999
T4
0
3DFACE
8
RT1
10
  -393.64
20
  -122.01
30
   133.83
11
  -377.29
21
  -122.01
31
   130.54
12
  -377.58
22
  -122.01
32
   129.12
13
  -393.92
23
  -122.01
33
   132.40
999
T4
0
3DFACE
8
RT1
10
  -377.02
20
  -125.55
30
   130.88
11
  -360.96
21
  -125.55
31
   150.21
12
  -360.96
22
  -122.01
32
   150.21
13
  -377.02
23
  -122.01
33
   130.88
999
T4
0
3DFACE
8
RT1
10
  -377.02
20
  -125.55
30
   130.88
11
  -375.90
21
  -125.55
31
   129.95
12
  -359.84
22
  -125.55
32
   149.28
13
  -360.96
23
  -125.55
33
   150.21
999
T4
0
3DFACE
8
RT1
10
  -377.02
20
  -122.01
30
   130.88
11
  -360.96
21
  -122.01
31
   150.21
12
  -359.84
22
  -122.01
32
   149.28
13
  -375.90
23
  -122.01
33
   129.95
999
T4
0
3DFACE
8
RT1
10
  -359.27
20
  -125.55
30
   151.01
11
  -342.98
21
  -125.55
31
   147.70
12
  -342.98
22
  -122.01
32
   147.70
13
  -359.27
23
  -122.01
33
   151.01
999
T4
0
3DFACE
8
RT1
10
  -359.27
20
  -125.55
30
   151.01
11
  -359.56
21
  -125.55
31
   149.59
12
  -343.27
22
  -125.55
32
   146.27
13
  -342.98
23
  -125.55
33
   147.70
999
T4
0
3DFACE
8
RT1
10
  -359.27
20
  -122.01
30
   151.01
11
  -342.98
21
  -122.01
31
   147.70
12
  -343.27
22
  -122.01
32
   146.27
13
  -359.56
23
  -122.01
33
   149.59
999
T4
0
3DFACE
8
RT1
10
  -342.71
20
  -125.55
30
   148.04
11
  -326.65
21
  -125.55
31
   167.37
12
  -326.65
22
  -122.01
32
   167.37
13
  -342.71
23
  -122.01
33
   148.04
999
T4
0
3DFACE
8
RT1
10
  -342.71
20
  -125.55
30
   148.04
11
  -341.59
21
  -125.55
31
   147.11
12
  -325.53
22
  -125.55
32
   166.43
13
  -326.65
23
  -125.55
33
   167.37
999
T4
0
3DFACE
8
RT1
10
  -342.71
20
  -122.01
30
   148.04
11
  -326.65
21
  -122.01
31
   167.37
12
  -325.53
22
  -122.01
32
   166.43
13
  -341.59
23
  -122.01
33
   147.11
999
T4
0
3DFACE
8
RT1
10
  -324.96
20
  -125.55
30
   168.17
11
  -308.53
21
  -125.55
31
   164.93
12
  -308.53
22
  -122.01
32
   164.93
13
  -324.96
23
  -122.01
33
   168.17
999
T4
0
3DFACE
8
RT1
10
  -324.96
20
  -125.55
30
   168.17
11
  -325.25
21
  -125.55
31
   166.74
12
  -308.81
22
  -125.55
32
   163.50
13
  -308.53
23
  -125.55
33
   164.93
999
T4
0
3DFACE
8
RT1
10
  -324.96
20
  -122.01
30
   168.17
11
  -308.53
21
  -122.01
31
   164.93
12
  -308.81
22
  -122.01
32
   163.50
13
  -325.25
23
  -122.01
33
   166.74
999
T4
0
3DFACE
8
RT1
10
  -415.30
20
  -101.55
30
   122.99
11
  -287.27
21
  -101.55
31
   187.02
12
  -287.27
22
   -98.01
32
   187.02
13
  -415.30
23
   -98.01
33
   122.99
999
T5
0
3DFACE
8
RT1
10
  -415.30
20
  -101.55
30
   122.99
11
  -414.65
21
  -101.55
31
   121.69
12
  -286.62
22
  -101.55
32
   185.72
13
  -287.27
23
  -101.55
33
   187.02
999
T5
0
3DFACE
8
RT1
10
  -415.30
20
   -98.01
30
   122.99
11
  -287.27
21
   -98.01
31
   187.02
12
  -286.62
22
   -98.01
32
   185.72
13
  -414.65
23
   -98.01
33
   121.69
999
T5
0
3DFACE
8
RT1
10
  -395.79
20
   -98.01
30
   120.00
11
  -306.79
21
   -98.01
31
   164.51
12
  -306.79
22
  -101.55
32
   164.51
13
  -395.79
23
  -101.55
33
   120.00
999
T5
0
3DFACE
8
RT1
10
  -395.79
20
   -98.01
30
   120.00
11
  -396.44
21
   -98.01
31
   121.30
12
  -307.44
22
   -98.01
32
   165.81
13
  -306.79
23
   -98.01
33
   164.51
999
T5
0
3DFACE
8
RT1
10
  -395.79
20
  -101.55
30
   120.00
11
  -306.79
21
  -101.55
31
   164.51
12
  -307.44
22
  -101.55
32
   165.81
13
  -396.44
23
  -101.55
33
   121.30
999
T5
0
3DFACE
8
RT1
10
  -306.79
20
   -98.01
30
   164.51
11
  -306.79
21
   -98.01
31
   176.53
12
  -306.79
22
  -101.55
32
   176.53
13
  -306.79
23
  -101.55
33
   164.51
999
T5
0
3DFACE
8
RT1
10
  -306.79
20
   -98.01
30
   164.51
11
  -308.24
21
   -98.01
31
   164.51
12
  -308.24
22
   -98.01
32
   176.53
13
  -306.79
23
   -98.01
33
   176.53
999
T5
0
3DFACE
8
RT1
10
  -306.79
20
  -101.55
30
   164.51
11
  -306.79
21
  -101.55
31
   176.53
12
  -308.24
22
  -101.55
32
   176.53
13
  -308.24
23
  -101.55
33
   164.51
999
T5
0
3DFACE
8
RT1
10
  -395.79
20
  -101.55
30
   120.73
11
  -395.79
21
  -101.55
31
   132.75
12
  -395.79
22
   -98.01
32
   132.75
13
  -395.79
23
   -98.01
33
   120.73
999
T5
0
3DFACE
8
RT1
10
  -395.79
20
  -101.55
30
   120.73
11
  -394.33
21
  -101.55
31
   120.73
12
  -394.33
22
  -101.55
32
   132.75
13
  -395.79
23
  -101.55
33
   132.75
999
T5
0
3DFACE
8
RT1
10
  -395.79
20
   -98.01
30
   120.73
11
  -395.79
21
   -98.01
31
   132.75
12
  -394.33
22
   -98.01
32
   132.75
13
  -394.33
23
   -98.01
33
   120.73
999
T5
0
3DFACE
8
RT1
10
  -393.64
20
  -101.55
30
   133.83
11
  -377.29
21
  -101.55
31
   130.54
12
  -377.29
22
   -98.01
32
   130.54
13
  -393.64
23
   -98.01
33
   133.83
999
T5
0
3DFACE
8
RT1
10
  -393.64
20
  -101.55
30
   133.83
11
  -393.92
21
  -101.55
31
   132.40
12
  -377.58
22
  -101.55
32
   129.12
13
  -377.29
23
  -101.55
33
   130.54
999
T5
0
3DFACE
8
RT1
10
  -393.64
20
   -98.01
30
   133.83
11
  -377.29
21
   -98.01
31
   130.54
12
  -377.58
22
   -98.01
32
   129.12
13
  -393.92
23
   -98.01
33
   132.40
999
T5
0
3DFACE
8
RT1
10
  -377.02
20
  -101.55
30
   130.88
11
  -360.96
21
  -101.55
31
   150.21
12
  -360.96
22
   -98.01
32
   150.21
13
  -377.02
23
   -98.01
33
   130.88
999
T5
0
3DFACE
8
RT1
10
  -377.02
20
  -101.55
30
   130.88
11
  -375.90
21
  -101.55
31
   129.95
12
  -359.84
22
  -101.55
32
   149.28
13
  -360.96
23
  -101.55
33
   150.21
999
T5
0
3DFACE
8
RT1
10
  -377.02
20
   -98.01
30
   130.88
11
  -360.96
21
   -98.01
31
   150.21
12
  -359.84
22
   -98.01
32
   149.28
13
  -375.90
23
   -98.01
33
   129.95
999
T5
0
3DFACE
8
RT1
10
  -359.27
20
  -101.55
30
   151.01
11
  -342.98
21
  -101.55
31
   147.70
12
  -342.98
22
   -98.01
32
   147.70
13
  -359.27
23
   -98.01
33
   151.01
999
T5
0
3DFACE
8
RT1
10
  -359.27
20
  -101.55
30
   151.01
11
  -359.56
21
  -101.55
31
   149.59
12
  -343.27
22
  -101.55
32
   146.27
13
  -342.98
23
  -101.55
33
   147.70
999
T5
0
3DFACE
8
RT1
10
  -359.27
20
   -98.01
30
   151.01
11
  -342.98
21
   -98.01
31
   147.70
12
  -343.27
22
   -98.01
32
   146.27
13
  -359.56
23
   -98.01
33
   149.59
999
T5
0
3DFACE
8
RT1
10
  -342.71
20
  -101.55
30
   148.04
11
  -326.65
21
  -101.55
31
   167.37
12
  -326.65
22
   -98.01
32
   167.37
13
  -342.71
23
   -98.01
33
   148.04
999
T5
0
3DFACE
8
RT1
10
  -342.71
20
  -101.55
30
   148.04
11
  -341.59
21
  -101.55
31
   147.11
12
  -325.53
22
  -101.55
32
   166.43
13
  -326.65
23
  -101.55
33
   167.37
999
T5
0
3DFACE
8
RT1
10
  -342.71
20
   -98.01
30
   148.04
11
  -326.65
21
   -98.01
31
   167.37
12
  -325.53
22
   -98.01
32
   166.43
13
  -341.59
23
   -98.01
33
   147.11
999
T5
0
3DFACE
8
RT1
10
  -324.96
20
  -101.55
30
   168.17
11
  -308.53
21
  -101.55
31
   164.93
12
  -308.53
22
   -98.01
32
   164.93
13
  -324.96
23
   -98.01
33
   168.17
999
T5
0
3DFACE
8
RT1
10
  -324.96
20
  -101.55
30
   168.17
11
  -325.25
21
  -101.55
31
   166.74
12
  -308.81
22
  -101.55
32
   163.50
13
  -308.53
23
  -101.55
33
   164.93
999
T5
0
3DFACE
8
RT1
10
  -324.96
20
   -98.01
30
   168.17
11
  -308.53
21
   -98.01
31
   164.93
12
  -308.81
22
   -98.01
32
   163.50
13
  -325.25
23
   -98.01
33
   166.74
999
T5
0
3DFACE
8
RT1
10
  -415.30
20
   -77.55
30
   122.99
11
  -287.27
21
   -77.55
31
   187.02
12
  -287.27
22
   -74.01
32
   187.02
13
  -415.30
23
   -74.01
33
   122.99
999
T7
0
3DFACE
8
RT1
10
  -415.30
20
   -77.55
30
   122.99
11
  -414.65
21
   -77.55
31
   121.69
12
  -286.62
22
   -77.55
32
   185.72
13
  -287.27
23
   -77.55
33
   187.02
999
T7
0
3DFACE
8
RT1
10
  -415.30
20
   -74.01
30
   122.99
11
  -287.27
21
   -74.01
31
   187.02
12
  -286.62
22
   -74.01
32
   185.72
13
  -414.65
23
   -74.01
33
   121.69
999
T7
0
3DFACE
8
RT1
10
  -395.79
20
   -74.01
30
   120.00
11
  -306.79
21
   -74.01
31
   164.51
12
  -306.79
22
   -77.55
32
   164.51
13
  -395.79
23
   -77.55
33
   120.00
999
T7
0
3DFACE
8
RT1
10
  -395.79
20
   -74.01
30
   120.00
11
  -396.44
21
   -74.01
31
   121.30
12
  -307.44
22
   -74.01
32
   165.81
13
  -306.79
23
   -74.01
33
   164.51
999
T7
0
3DFACE
8
RT1
10
  -395.79
20
   -77.55
30
   120.00
11
  -306.79
21
   -77.55
31
   164.51
12
  -307.44
22
   -77.55
32
   165.81
13
  -396.44
23
   -77.55
33
   121.30
999
T7
0
3DFACE
8
RT1
10
  -306.79
20
   -74.01
30
   164.51
11
  -306.79
21
   -74.01
31
   176.53
12
  -306.79
22
   -77.55
32
   176.53
13
  -306.79
23
   -77.55
33
   164.51
999
T7
0
3DFACE
8
RT1
10
  -306.79
20
   -74.01
30
   164.51
11
  -308.24
21
   -74.01
31
   164.51
12
  -308.24
22
   -74.01
32
   176.53
13
  -306.79
23
   -74.01
33
   176.53
999
T7
0
3DFACE
8
RT1
10
  -306.79
20
   -77.55
30
   164.51
11
  -306.79
21
   -77.55
31
   176.53
12
  -308.24
22
   -77.55
32
   176.53
13
  -308.24
23
   -77.55
33
   164.51
999
T7
0
3DFACE
8
RT1
10
  -395.79
20
   -77.55
30
   120.73
11
  -395.79
21
   -77.55
31
   132.75
12
  -395.79
22
   -74.01
32
   132.75
13
  -395.79
23
   -74.01
33
   120.73
999
T7
0
3DFACE
8
RT1
10
  -395.79
20
   -77.55
30
   120.73
11
  -394.33
21
   -77.55
31
   120.73
12
  -394.33
22
   -77.55
32
   132.75
13
  -395.79
23
   -77.55
33
   132.75
999
T7
0
3DFACE
8
RT1
10
  -395.79
20
   -74.01
30
   120.73
11
  -395.79
21
   -74.01
31
   132.75
12
  -394.33
22
   -74.01
32
   132.75
13
  -394.33
23
   -74.01
33
   120.73
999
T7
0
3DFACE
8
RT1
10
  -393.64
20
   -77.55
30
   133.83
11
  -377.29
21
   -77.55
31
   130.54
12
  -377.29
22
   -74.01
32
   130.54
13
  -393.64
23
   -74.01
33
   133.83
999
T7
0
3DFACE
8
RT1
10
  -393.64
20
   -77.55
30
   133.83
11
  -393.92
21
   -77.55
31
   132.40
12
  -377.58
22
   -77.55
32
   129.12
13
  -377.29
23
   -77.55
33
   130.54
999
T7
0
3DFACE
8
RT1
10
  -393.64
20
   -74.01
30
   133.83
11
  -377.29
21
   -74.01
31
   130.54
12
  -377.58
22
   -74.01
32
   129.12
13
  -393.92
23
   -74.01
33
   132.40
999
T7
0
3DFACE
8
RT1
10
  -377.02
20
   -77.55
30
   130.88
11
  -360.96
21
   -77.55
31
   150.21
12
  -360.96
22
   -74.01
32
   150.21
13
  -377.02
23
   -74.01
33
   130.88
999
T7
0
3DFACE
8
RT1
10
  -377.02
20
   -77.55
30
   130.88
11
  -375.90
21
   -77.55
31
   129.95
12
  -359.84
22
   -77.55
32
   149.28
13
  -360.96
23
   -77.55
33
   150.21
999
T7
0
3DFACE
8
RT1
10
  -377.02
20
   -74.01
30
   130.88
11
  -360.96
21
   -74.01
31
   150.21
12
  -359.84
22
   -74.01
32
   149.28
13
  -375.90
23
   -74.01
33
   129.95
999
T7
0
3DFACE
8
RT1
10
  -359.27
20
   -77.55
30
   151.01
11
  -342.98
21
   -77.55
31
   147.70
12
  -342.98
22
   -74.01
32
   147.70
13
  -359.27
23
   -74.01
33
   151.01
999
T7
0
3DFACE
8
RT1
10
  -359.27
20
   -77.55
30
   151.01
11
  -359.56
21
   -77.55
31
   149.59
12
  -343.27
22
   -77.55
32
   146.27
13
  -342.98
23
   -77.55
33
   147.70
999
T7
0
3DFACE
8
RT1
10
  -359.27
20
   -74.01
30
   151.01
11
  -342.98
21
   -74.01
31
   147.70
12
  -343.27
22
   -74.01
32
   146.27
13
  -359.56
23
   -74.01
33
   149.59
999
T7
0
3DFACE
8
RT1
10
  -342.71
20
   -77.55
30
   148.04
11
  -326.65
21
   -77.55
31
   167.37
12
  -326.65
22
   -74.01
32
   167.37
13
  -342.71
23
   -74.01
33
   148.04
999
T7
0
3DFACE
8
RT1
10
  -342.71
20
   -77.55
30
   148.04
11
  -341.59
21
   -77.55
31
   147.11
12
  -325.53
22
   -77.55
32
   166.43
13
  -326.65
23
   -77.55
33
   167.37
999
T7
0
3DFACE
8
RT1
10
  -342.71
20
   -74.01
30
   148.04
11
  -326.65
21
   -74.01
31
   167.37
12
  -325.53
22
   -74.01
32
   166.43
13
  -341.59
23
   -74.01
33
   147.11
999
T7
0
3DFACE
8
RT1
10
  -324.96
20
   -77.55
30
   168.17
11
  -308.53
21
   -77.55
31
   164.93
12
  -308.53
22
   -74.01
32
   164.93
13
  -324.96
23
   -74.01
33
   168.17
999
T7
0
3DFACE
8
RT1
10
  -324.96
20
   -77.55
30
   168.17
11
  -325.25
21
   -77.55
31
   166.74
12
  -308.81
22
   -77.55
32
   163.50
13
  -308.53
23
   -77.55
33
   164.93
999
T7
0
3DFACE
8
RT1
10
  -324.96
20
   -74.01
30
   168.17
11
  -308.53
21
   -74.01
31
   164.93
12
  -308.81
22
   -74.01
32
   163.50
13
  -325.25
23
   -74.01
33
   166.74
999
T7
0
3DFACE
8
RT1
10
  -215.29
20
  -122.01
30
   113.98
11
  -303.29
21
  -122.01
31
   143.30
12
  -303.29
22
  -125.55
32
   143.30
13
  -215.29
23
  -125.55
33
   113.98
999
T3
0
3DFACE
8
RT1
10
  -215.29
20
  -122.01
30
   113.98
11
  -215.75
21
  -122.01
31
   112.60
12
  -303.75
22
  -122.01
32
   141.92
13
  -303.29
23
  -122.01
33
   143.30
999
T3
0
3DFACE
8
RT1
10
  -215.29
20
  -125.55
30
   113.98
11
  -303.29
21
  -125.55
31
   143.30
12
  -303.75
22
  -125.55
32
   141.92
13
  -215.75
23
  -125.55
33
   112.60
999
T3
0
3DFACE
8
RT1
10
  -234.79
20
  -125.55
30
   108.00
11
  -303.29
21
  -125.55
31
   130.83
12
  -303.29
22
  -122.01
32
   130.83
13
  -234.79
23
  -122.01
33
   108.00
999
T3
0
3DFACE
8
RT1
10
  -234.79
20
  -125.55
30
   108.00
11
  -234.32
21
  -125.55
31
   109.38
12
  -302.82
22
  -125.55
32
   132.21
13
  -303.29
23
  -125.55
33
   130.83
999
T3
0
3DFACE
8
RT1
10
  -234.79
20
  -122.01
30
   108.00
11
  -303.29
21
  -122.01
31
   130.83
12
  -302.82
22
  -122.01
32
   132.21
13
  -234.32
23
  -122.01
33
   109.38
999
T3
0
3DFACE
8
RT1
10
  -234.79
20
  -122.01
30
   108.49
11
  -234.79
21
  -122.01
31
   120.48
12
  -234.79
22
  -125.55
32
   120.48
13
  -234.79
23
  -125.55
33
   108.49
999
T3
0
3DFACE
8
RT1
10
  -234.79
20
  -122.01
30
   108.49
11
  -236.24
21
  -122.01
31
   108.49
12
  -236.24
22
  -122.01
32
   120.48
13
  -234.79
23
  -122.01
33
   120.48
999
T3
0
3DFACE
8
RT1
10
  -234.79
20
  -125.55
30
   108.49
11
  -234.79
21
  -125.55
31
   120.48
12
  -236.24
22
  -125.55
32
   120.48
13
  -236.24
23
  -125.55
33
   108.49
999
T3
0
3DFACE
8
RT1
10
  -303.29
20
  -125.55
30
   130.83
11
  -303.29
21
  -125.55
31
   142.82
12
  -303.29
22
  -122.01
32
   142.82
13
  -303.29
23
  -122.01
33
   130.83
999
T3
0
3DFACE
8
RT1
10
  -303.29
20
  -125.55
30
   130.83
11
  -301.83
21
  -125.55
31
   130.83
12
  -301.83
22
  -125.55
32
   142.82
13
  -303.29
23
  -125.55
33
   142.82
999
T3
0
3DFACE
8
RT1
10
  -303.29
20
  -122.01
30
   130.83
11
  -303.29
21
  -122.01
31
   142.82
12
  -301.83
22
  -122.01
32
   142.82
13
  -301.83
23
  -122.01
33
   130.83
999
T3
0
3DFACE
8
RT1
10
  -236.29
20
  -122.01
30
   109.86
11
  -251.59
21
  -122.01
31
   126.10
12
  -251.59
22
  -125.55
32
   126.10
13
  -236.29
23
  -125.55
33
   109.86
999
T3
0
3DFACE
8
RT1
10
  -236.29
20
  -122.01
30
   109.86
11
  -237.35
21
  -122.01
31
   108.86
12
  -252.65
22
  -122.01
32
   125.10
13
  -251.59
23
  -122.01
33
   126.10
999
T3
0
3DFACE
8
RT1
10
  -236.29
20
  -125.55
30
   109.86
11
  -251.59
21
  -125.55
31
   126.10
12
  -252.65
22
  -125.55
32
   125.10
13
  -237.35
23
  -125.55
33
   108.86
999
T3
0
3DFACE
8
RT1
10
  -253.50
20
  -122.01
30
   126.71
11
  -268.83
21
  -122.01
31
   120.51
12
  -268.83
22
  -125.55
32
   120.51
13
  -253.50
23
  -125.55
33
   126.71
999
T3
0
3DFACE
8
RT1
10
  -253.50
20
  -122.01
30
   126.71
11
  -252.95
21
  -122.01
31
   125.36
12
  -268.28
22
  -122.01
32
   119.16
13
  -268.83
23
  -122.01
33
   120.51
999
T3
0
3DFACE
8
RT1
10
  -253.50
20
  -125.55
30
   126.71
11
  -268.83
21
  -125.55
31
   120.51
12
  -268.28
22
  -125.55
32
   119.16
13
  -252.95
23
  -125.55
33
   125.36
999
T3
0
3DFACE
8
RT1
10
  -269.12
20
  -122.01
30
   120.80
11
  -284.22
21
  -122.01
31
   136.97
12
  -284.22
22
  -125.55
32
   136.97
13
  -269.12
23
  -125.55
33
   120.80
999
T3
0
3DFACE
8
RT1
10
  -269.12
20
  -122.01
30
   120.80
11
  -270.18
21
  -122.01
31
   119.80
12
  -285.29
22
  -122.01
32
   135.98
13
  -284.22
23
  -122.01
33
   136.97
999
T3
0
3DFACE
8
RT1
10
  -269.12
20
  -125.55
30
   120.80
11
  -284.22
21
  -125.55
31
   136.97
12
  -285.29
22
  -125.55
32
   135.98
13
  -270.18
23
  -125.55
33
   119.80
999
T3
0
3DFACE
8
RT1
10
  -286.13
20
  -122.01
30
   137.59
11
  -301.63
21
  -122.01
31
   131.46
12
  -301.63
22
  -125.55
32
   131.46
13
  -286.13
23
  -125.55
33
   137.59
999
T3
0
3DFACE
8
RT1
10
  -286.13
20
  -122.01
30
   137.59
11
  -285.60
21
  -122.01
31
   136.23
12
  -301.10
22
  -122.01
32
   130.11
13
  -301.63
23
  -122.01
33
   131.46
999
T3
0
3DFACE
8
RT1
10
  -286.13
20
  -125.55
30
   137.59
11
  -301.63
21
  -125.55
31
   131.46
12
  -301.10
22
  -125.55
32
   130.11
13
  -285.60
23
  -125.55
33
   136.23
999
T3
0
3DFACE
8
RT1
10
  -215.29
20
   -98.00
30
   113.98
11
  -303.29
21
   -98.00
31
   143.30
12
  -303.29
22
  -101.54
32
   143.30
13
  -215.29
23
  -101.54
33
   113.98
999
T6
0
3DFACE
8
RT1
10
  -215.29
20
   -98.00
30
   113.98
11
  -215.75
21
   -98.00
31
   112.60
12
  -303.75
22
   -98.00
32
   141.92
13
  -303.29
23
   -98.00
33
   143.30
999
T6
0
3DFACE
8
RT1
10
  -215.29
20
  -101.54
30
   113.98
11
  -303.29
21
  -101.54
31
   143.30
12
  -303.75
22
  -101.54
32
   141.92
13
  -215.75
23
  -101.54
33
   112.60
999
T6
0
3DFACE
8
RT1
10
  -234.79
20
  -101.54
30
   108.00
11
  -303.29
21
  -101.54
31
   130.83
12
  -303.29
22
   -98.00
32
   130.83
13
  -234.79
23
   -98.00
33
   108.00
999
T6
0
3DFACE
8
RT1
10
  -234.79
20
  -101.54
30
   108.00
11
  -234.32
21
  -101.54
31
   109.38
12
  -302.82
22
  -101.54
32
   132.21
13
  -303.29
23
  -101.54
33
   130.83
999
T6
0
3DFACE
8
RT1
10
  -234.79
20
   -98.00
30
   108.00
11
  -303.29
21
   -98.00
31
   130.83
12
  -302.82
22
   -98.00
32
   132.21
13
  -234.32
23
   -98.00
33
   109.38
999
T6
0
3DFACE
8
RT1
10
  -234.79
20
   -98.00
30
   108.49
11
  -234.79
21
   -98.00
31
   120.48
12
  -234.79
22
  -101.54
32
   120.48
13
  -234.79
23
  -101.54
33
   108.49
999
T6
0
3DFACE
8
RT1
10
  -234.79
20
   -98.00
30
   108.49
11
  -236.24
21
   -98.00
31
   108.49
12
  -236.24
22
   -98.00
32
   120.48
13
  -234.79
23
   -98.00
33
   120.48
999
T6
0
3DFACE
8
RT1
10
  -234.79
20
  -101.54
30
   108.49
11
  -234.79
21
  -101.54
31
   120.48
12
  -236.24
22
  -101.54
32
   120.48
13
  -236.24
23
  -101.54
33
   108.49
999
T6
0
3DFACE
8
RT1
10
  -303.29
20
  -101.54
30
   130.83
11
  -303.29
21
  -101.54
31
   142.82
12
  -303.29
22
   -98.00
32
   142.82
13
  -303.29
23
   -98.00
33
   130.83
999
T6
0
3DFACE
8
RT1
10
  -303.29
20
  -101.54
30
   130.83
11
  -301.83
21
  -101.54
31
   130.83
12
  -301.83
22
  -101.54
32
   142.82
13
  -303.29
23
  -101.54
33
   142.82
999
T6
0
3DFACE
8
RT1
10
  -303.29
20
   -98.00
30
   130.83
11
  -303.29
21
   -98.00
31
   142.82
12
  -301.83
22
   -98.00
32
   142.82
13
  -301.83
23
   -98.00
33
   130.83
999
T6
0
3DFACE
8
RT1
10
  -236.29
20
   -98.00
30
   109.86
11
  -251.59
21
   -98.00
31
   126.10
12
  -251.59
22
  -101.54
32
   126.10
13
  -236.29
23
  -101.54
33
   109.86
999
T6
0
3DFACE
8
RT1
10
  -236.29
20
   -98.00
30
   109.86
11
  -237.35
21
   -98.00
31
   108.86
12
  -252.65
22
   -98.00
32
   125.10
13
  -251.59
23
   -98.00
33
   126.10
999
T6
0
3DFACE
8
RT1
10
  -236.29
20
  -101.54
30
   109.86
11
  -251.59
21
  -101.54
31
   126.10
12
  -252.65
22
  -101.54
32
   125.10
13
  -237.35
23
  -101.54
33
   108.86
999
T6
0
3DFACE
8
RT1
10
  -253.50
20
   -98.00
30
   126.71
11
  -268.83
21
   -98.00
31
   120.51
12
  -268.83
22
  -101.54
32
   120.51
13
  -253.50
23
  -101.54
33
   126.71
999
T6
0
3DFACE
8
RT1
10
  -253.50
20
   -98.00
30
   126.71
11
  -252.95
21
   -98.00
31
   125.36
12
  -268.28
22
   -98.00
32
   119.16
13
  -268.83
23
   -98.00
33
   120.51
999
T6
0
3DFACE
8
RT1
10
  -253.50
20
  -101.54
30
   126.71
11
  -268.83
21
  -101.54
31
   120.51
12
  -268.28
22
  -101.54
32
   119.16
13
  -252.95
23
  -101.54
33
   125.36
999
T6
0
3DFACE
8
RT1
10
  -269.12
20
   -98.00
30
   120.80
11
  -284.22
21
   -98.00
31
   136.97
12
  -284.22
22
  -101.54
32
   136.97
13
  -269.12
23
  -101.54
33
   120.80
999
T6
0
3DFACE
8
RT1
10
  -269.12
20
   -98.00
30
   120.80
11
  -270.18
21
   -98.00
31
   119.80
12
  -285.29
22
   -98.00
32
   135.98
13
  -284.22
23
   -98.00
33
   136.97
999
T6
0
3DFACE
8
RT1
10
  -269.12
20
  -101.54
30
   120.80
11
  -284.22
21
  -101.54
31
   136.97
12
  -285.29
22
  -101.54
32
   135.98
13
  -270.18
23
  -101.54
33
   119.80
999
T6
0
3DFACE
8
RT1
10
  -286.13
20
   -98.00
30
   137.59
11
  -301.63
21
   -98.00
31
   131.46
12
  -301.63
22
  -101.54
32
   131.46
13
  -286.13
23
  -101.54
33
   137.59
999
T6
0
3DFACE
8
RT1
10
  -286.13
20
   -98.00
30
   137.59
11
  -285.60
21
   -98.00
31
   136.23
12
  -301.10
22
   -98.00
32
   130.11
13
  -301.63
23
   -98.00
33
   131.46
999
T6
0
3DFACE
8
RT1
10
  -286.13
20
  -101.54
30
   137.59
11
  -301.63
21
  -101.54
31
   131.46
12
  -301.10
22
  -101.54
32
   130.11
13
  -285.60
23
  -101.54
33
   136.23
999
T6
0
3DFACE
8
RT1
10
  -215.29
20
   -74.00
30
   113.98
11
  -303.29
21
   -74.00
31
   143.30
12
  -303.29
22
   -77.54
32
   143.30
13
  -215.29
23
   -77.54
33
   113.98
999
T8
0
3DFACE
8
RT1
10
  -215.29
20
   -74.00
30
   113.98
11
  -215.75
21
   -74.00
31
   112.60
12
  -303.75
22
   -74.00
32
   141.92
13
  -303.29
23
   -74.00
33
   143.30
999
T8
0
3DFACE
8
RT1
10
  -215.29
20
   -77.54
30
   113.98
11
  -303.29
21
   -77.54
31
   143.30
12
  -303.75
22
   -77.54
32
   141.92
13
  -215.75
23
   -77.54
33
   112.60
999
T8
0
3DFACE
8
RT1
10
  -234.79
20
   -77.54
30
   108.00
11
  -303.29
21
   -77.54
31
   130.83
12
  -303.29
22
   -74.00
32
   130.83
13
  -234.79
23
   -74.00
33
   108.00
999
T8
0
3DFACE
8
RT1
10
  -234.79
20
   -77.54
30
   108.00
11
  -234.32
21
   -77.54
31
   109.38
12
  -302.82
22
   -77.54
32
   132.21
13
  -303.29
23
   -77.54
33
   130.83
999
T8
0
3DFACE
8
RT1
10
  -234.79
20
   -74.00
30
   108.00
11
  -303.29
21
   -74.00
31
   130.83
12
  -302.82
22
   -74.00
32
   132.21
13
  -234.32
23
   -74.00
33
   109.38
999
T8
0
3DFACE
8
RT1
10
  -234.79
20
   -74.00
30
   108.49
11
  -234.79
21
   -74.00
31
   120.48
12
  -234.79
22
   -77.54
32
   120.48
13
  -234.79
23
   -77.54
33
   108.49
999
T8
0
3DFACE
8
RT1
10
  -234.79
20
   -74.00
30
   108.49
11
  -236.24
21
   -74.00
31
   108.49
12
  -236.24
22
   -74.00
32
   120.48
13
  -234.79
23
   -74.00
33
   120.48
999
T8
0
3DFACE
8
RT1
10
  -234.79
20
   -77.54
30
   108.49
11
  -234.79
21
   -77.54
31
   120.48
12
  -236.24
22
   -77.54
32
   120.48
13
  -236.24
23
   -77.54
33
   108.49
999
T8
0
3DFACE
8
RT1
10
  -303.29
20
   -77.54
30
   130.83
11
  -303.29
21
   -77.54
31
   142.82
12
  -303.29
22
   -74.00
32
   142.82
13
  -303.29
23
   -74.00
33
   130.83
999
T8
0
3DFACE
8
RT1
10
  -303.29
20
   -77.54
30
   130.83
11
  -301.83
21
   -77.54
31
   130.83
12
  -301.83
22
   -77.54
32
   142.82
13
  -303.29
23
   -77.54
33
   142.82
999
T8
0
3DFACE
8
RT1
10
  -303.29
20
   -74.00
30
   130.83
11
  -303.29
21
   -74.00
31
   142.82
12
  -301.83
22
   -74.00
32
   142.82
13
  -301.83
23
   -74.00
33
   130.83
999
T8
0
3DFACE
8
RT1
10
  -236.29
20
   -74.00
30
   109.86
11
  -251.59
21
   -74.00
31
   126.10
12
  -251.59
22
   -77.54
32
   126.10
13
  -236.29
23
   -77.54
33
   109.86
999
T8
0
3DFACE
8
RT1
10
  -236.29
20
   -74.00
30
   109.86
11
  -237.35
21
   -74.00
31
   108.86
12
  -252.65
22
   -74.00
32
   125.10
13
  -251.59
23
   -74.00
33
   126.10
999
T8
0
3DFACE
8
RT1
10
  -236.29
20
   -77.54
30
   109.86
11
  -251.59
21
   -77.54
31
   126.10
12
  -252.65
22
   -77.54
32
   125.10
13
  -237.35
23
   -77.54
33
   108.86
999
T8
0
3DFACE
8
RT1
10
  -253.50
20
   -74.00
30
   126.71
11
  -268.83
21
   -74.00
31
   120.51
12
  -268.83
22
   -77.54
32
   120.51
13
  -253.50
23
   -77.54
33
   126.71
999
T8
0
3DFACE
8
RT1
10
  -253.50
20
   -74.00
30
   126.71
11
  -252.95
21
   -74.00
31
   125.36
12
  -268.28
22
   -74.00
32
   119.16
13
  -268.83
23
   -74.00
33
   120.51
999
T8
0
3DFACE
8
RT1
10
  -253.50
20
   -77.54
30
   126.71
11
  -268.83
21
   -77.54
31
   120.51
12
  -268.28
22
   -77.54
32
   119.16
13
  -252.95
23
   -77.54
33
   125.36
999
T8
0
3DFACE
8
RT1
10
  -269.12
20
   -74.00
30
   120.80
11
  -284.22
21
   -74.00
31
   136.97
12
  -284.22
22
   -77.54
32
   136.97
13
  -269.12
23
   -77.54
33
   120.80
999
T8
0
3DFACE
8
RT1
10
  -269.12
20
   -74.00
30
   120.80
11
  -270.18
21
   -74.00
31
   119.80
12
  -285.29
22
   -74.00
32
   135.98
13
  -284.22
23
   -74.00
33
   136.97
999
T8
0
3DFACE
8
RT1
10
  -269.12
20
   -77.54
30
   120.80
11
  -284.22
21
   -77.54
31
   136.97
12
  -285.29
22
   -77.54
32
   135.98
13
  -270.18
23
   -77.54
33
   119.80
999
T8
0
3DFACE
8
RT1
10
  -286.13
20
   -74.00
30
   137.59
11
  -301.63
21
   -74.00
31
   131.46
12
  -301.63
22
   -77.54
32
   131.46
13
  -286.13
23
   -77.54
33
   137.59
999
T8
0
3DFACE
8
RT1
10
  -286.13
20
   -74.00
30
   137.59
11
  -285.60
21
   -74.00
31
   136.23
12
  -301.10
22
   -74.00
32
   130.11
13
  -301.63
23
   -74.00
33
   131.46
999
T8
0
3DFACE
8
RT1
10
  -286.13
20
   -77.54
30
   137.59
11
  -301.63
21
   -77.54
31
   131.46
12
  -301.10
22
   -77.54
32
   130.11
13
  -285.60
23
   -77.54
33
   136.23
999
T8
0
3DFACE
8
RT1
10
  -215.29
20
   -50.00
30
   113.98
11
  -303.29
21
   -50.00
31
   143.30
12
  -303.29
22
   -53.54
32
   143.30
13
  -215.29
23
   -53.54
33
   113.98
999
T9
0
3DFACE
8
RT1
10
  -215.29
20
   -50.00
30
   113.98
11
  -215.75
21
   -50.00
31
   112.60
12
  -303.75
22
   -50.00
32
   141.92
13
  -303.29
23
   -50.00
33
   143.30
999
T9
0
3DFACE
8
RT1
10
  -215.29
20
   -53.54
30
   113.98
11
  -303.29
21
   -53.54
31
   143.30
12
  -303.75
22
   -53.54
32
   141.92
13
  -215.75
23
   -53.54
33
   112.60
999
T9
0
3DFACE
8
RT1
10
  -234.79
20
   -53.54
30
   108.00
11
  -303.29
21
   -53.54
31
   130.83
12
  -303.29
22
   -50.00
32
   130.83
13
  -234.79
23
   -50.00
33
   108.00
999
T9
0
3DFACE
8
RT1
10
  -234.79
20
   -53.54
30
   108.00
11
  -234.32
21
   -53.54
31
   109.38
12
  -302.82
22
   -53.54
32
   132.21
13
  -303.29
23
   -53.54
33
   130.83
999
T9
0
3DFACE
8
RT1
10
  -234.79
20
   -50.00
30
   108.00
11
  -303.29
21
   -50.00
31
   130.83
12
  -302.82
22
   -50.00
32
   132.21
13
  -234.32
23
   -50.00
33
   109.38
999
T9
0
3DFACE
8
RT1
10
  -234.79
20
   -50.00
30
   108.49
11
  -234.79
21
   -50.00
31
   120.48
12
  -234.79
22
   -53.54
32
   120.48
13
  -234.79
23
   -53.54
33
   108.49
999
T9
0
3DFACE
8
RT1
10
  -234.79
20
   -50.00
30
   108.49
11
  -236.24
21
   -50.00
31
   108.49
12
  -236.24
22
   -50.00
32
   120.48
13
  -234.79
23
   -50.00
33
   120.48
999
T9
0
3DFACE
8
RT1
10
  -234.79
20
   -53.54
30
   108.49
11
  -234.79
21
   -53.54
31
   120.48
12
  -236.24
22
   -53.54
32
   120.48
13
  -236.24
23
   -53.54
33
   108.49
999
T9
0
3DFACE
8
RT1
10
  -303.29
20
   -53.54
30
   130.83
11
  -303.29
21
   -53.54
31
   142.82
12
  -303.29
22
   -50.00
32
   142.82
13
  -303.29
23
   -50.00
33
   130.83
999
T9
0
3DFACE
8
RT1
10
  -303.29
20
   -53.54
30
   130.83
11
  -301.83
21
   -53.54
31
   130.83
12
  -301.83
22
   -53.54
32
   142.82
13
  -303.29
23
   -53.54
33
   142.82
999
T9
0
3DFACE
8
RT1
10
  -303.29
20
   -50.00
30
   130.83
11
  -303.29
21
   -50.00
31
   142.82
12
  -301.83
22
   -50.00
32
   142.82
13
  -301.83
23
   -50.00
33
   130.83
999
T9
0
3DFACE
8
RT1
10
  -236.29
20
   -50.00
30
   109.86
11
  -251.59
21
   -50.00
31
   126.10
12
  -251.59
22
   -53.54
32
   126.10
13
  -236.29
23
   -53.54
33
   109.86
999
T9
0
3DFACE
8
RT1
10
  -236.29
20
   -50.00
30
   109.86
11
  -237.35
21
   -50.00
31
   108.86
12
  -252.65
22
   -50.00
32
   125.10
13
  -251.59
23
   -50.00
33
   126.10
999
T9
0
3DFACE
8
RT1
10
  -236.29
20
   -53.54
30
   109.86
11
  -251.59
21
   -53.54
31
   126.10
12
  -252.65
22
   -53.54
32
   125.10
13
  -237.35
23
   -53.54
33
   108.86
999
T9
0
3DFACE
8
RT1
10
  -253.50
20
   -50.00
30
   126.71
11
  -268.83
21
   -50.00
31
   120.51
12
  -268.83
22
   -53.54
32
   120.51
13
  -253.50
23
   -53.54
33
   126.71
999
T9
0
3DFACE
8
RT1
10
  -253.50
20
   -50.00
30
   126.71
11
  -252.95
21
   -50.00
31
   125.36
12
  -268.28
22
   -50.00
32
   119.16
13
  -268.83
23
   -50.00
33
   120.51
999
T9
0
3DFACE
8
RT1
10
  -253.50
20
   -53.54
30
   126.71
11
  -268.83
21
   -53.54
31
   120.51
12
  -268.28
22
   -53.54
32
   119.16
13
  -252.95
23
   -53.54
33
   125.36
999
T9
0
3DFACE
8
RT1
10
  -269.12
20
   -50.00
30
   120.80
11
  -284.22
21
   -50.00
31
   136.97
12
  -284.22
22
   -53.54
32
   136.97
13
  -269.12
23
   -53.54
33
   120.80
999
T9
0
3DFACE
8
RT1
10
  -269.12
20
   -50.00
30
   120.80
11
  -270.18
21
   -50.00
31
   119.80
12
  -285.29
22
   -50.00
32
   135.98
13
  -284.22
23
   -50.00
33
   136.97
999
T9
0
3DFACE
8
RT1
10
  -269.12
20
   -53.54
30
   120.80
11
  -284.22
21
   -53.54
31
   136.97
12
  -285.29
22
   -53.54
32
   135.98
13
  -270.18
23
   -53.54
33
   119.80
999
T9
0
3DFACE
8
RT1
10
  -286.13
20
   -50.00
30
   137.59
11
  -301.63
21
   -50.00
31
   131.46
12
  -301.63
22
   -53.54
32
   131.46
13
  -286.13
23
   -53.54
33
   137.59
999
T9
0
3DFACE
8
RT1
10
  -286.13
20
   -50.00
30
   137.59
11
  -285.60
21
   -50.00
31
   136.23
12
  -301.10
22
   -50.00
32
   130.11
13
  -301.63
23
   -50.00
33
   131.46
999
T9
0
3DFACE
8
RT1
10
  -286.13
20
   -53.54
30
   137.59
11
  -301.63
21
   -53.54
31
   131.46
12
  -301.10
22
   -53.54
32
   130.11
13
  -285.60
23
   -53.54
33
   136.23
999
T9
0
3DFACE
8
RT1
10
  -207.29
20
   -29.55
30
   111.31
11
  -303.29
21
   -29.55
31
   143.30
12
  -303.29
22
   -33.10
32
   143.30
13
  -207.29
23
   -33.10
33
   111.31
999
T10
0
3DFACE
8
RT1
10
  -207.29
20
   -29.55
30
   111.31
11
  -207.75
21
   -29.55
31
   109.93
12
  -303.75
22
   -29.55
32
   141.92
13
  -303.29
23
   -29.55
33
   143.30
999
T10
0
3DFACE
8
RT1
10
  -207.29
20
   -33.10
30
   111.31
11
  -303.29
21
   -33.10
31
   143.30
12
  -303.75
22
   -33.10
32
   141.92
13
  -207.75
23
   -33.10
33
   109.93
999
T10
0
3DFACE
8
RT1
10
  -234.79
20
   -33.10
30
   108.00
11
  -303.29
21
   -33.10
31
   130.83
12
  -303.29
22
   -29.55
32
   130.83
13
  -234.79
23
   -29.55
33
   108.00
999
T10
0
3DFACE
8
RT1
10
  -234.79
20
   -33.10
30
   108.00
11
  -234.32
21
   -33.10
31
   109.38
12
  -302.82
22
   -33.10
32
   132.21
13
  -303.29
23
   -33.10
33
   130.83
999
T10
0
3DFACE
8
RT1
10
  -234.79
20
   -29.55
30
   108.00
11
  -303.29
21
   -29.55
31
   130.83
12
  -302.82
22
   -29.55
32
   132.21
13
  -234.32
23
   -29.55
33
   109.38
999
T10
0
3DFACE
8
RT1
10
  -303.29
20
   -33.10
30
   130.83
11
  -303.29
21
   -33.10
31
   142.82
12
  -303.29
22
   -29.55
32
   142.82
13
  -303.29
23
   -29.55
33
   130.83
999
T10
0
3DFACE
8
RT1
10
  -303.29
20
   -33.10
30
   130.83
11
  -301.83
21
   -33.10
31
   130.83
12
  -301.83
22
   -33.10
32
   142.82
13
  -303.29
23
   -33.10
33
   142.82
999
T10
0
3DFACE
8
RT1
10
  -303.29
20
   -29.55
30
   130.83
11
  -303.29
21
   -29.55
31
   142.82
12
  -301.83
22
   -29.55
32
   142.82
13
  -301.83
23
   -29.55
33
   130.83
999
T10
0
3DFACE
8
RT1
10
  -234.79
20
   -29.55
30
   108.49
11
  -234.79
21
   -29.55
31
   120.48
12
  -234.79
22
   -33.10
32
   120.48
13
  -234.79
23
   -33.10
33
   108.49
999
T10
0
3DFACE
8
RT1
10
  -234.79
20
   -29.55
30
   108.49
11
  -236.24
21
   -29.55
31
   108.49
12
  -236.24
22
   -29.55
32
   120.48
13
  -234.79
23
   -29.55
33
   120.48
999
T10
0
3DFACE
8
RT1
10
  -234.79
20
   -33.10
30
   108.49
11
  -234.79
21
   -33.10
31
   120.48
12
  -236.24
22
   -33.10
32
   120.48
13
  -236.24
23
   -33.10
33
   108.49
999
T10
0
3DFACE
8
RT1
10
  -236.29
20
   -29.55
30
   109.86
11
  -251.59
21
   -29.55
31
   126.10
12
  -251.59
22
   -33.10
32
   126.10
13
  -236.29
23
   -33.10
33
   109.86
999
T10
0
3DFACE
8
RT1
10
  -236.29
20
   -29.55
30
   109.86
11
  -237.35
21
   -29.55
31
   108.86
12
  -252.65
22
   -29.55
32
   125.10
13
  -251.59
23
   -29.55
33
   126.10
999
T10
0
3DFACE
8
RT1
10
  -236.29
20
   -33.10
30
   109.86
11
  -251.59
21
   -33.10
31
   126.10
12
  -252.65
22
   -33.10
32
   125.10
13
  -237.35
23
   -33.10
33
   108.86
999
T10
0
3DFACE
8
RT1
10
  -253.50
20
   -29.55
30
   126.71
11
  -268.83
21
   -29.55
31
   120.51
12
  -268.83
22
   -33.10
32
   120.51
13
  -253.50
23
   -33.10
33
   126.71
999
T10
0
3DFACE
8
RT1
10
  -253.50
20
   -29.55
30
   126.71
11
  -252.95
21
   -29.55
31
   125.36
12
  -268.28
22
   -29.55
32
   119.16
13
  -268.83
23
   -29.55
33
   120.51
999
T10
0
3DFACE
8
RT1
10
  -253.50
20
   -33.10
30
   126.71
11
  -268.83
21
   -33.10
31
   120.51
12
  -268.28
22
   -33.10
32
   119.16
13
  -252.95
23
   -33.10
33
   125.36
999
T10
0
3DFACE
8
RT1
10
  -269.12
20
   -29.55
30
   120.80
11
  -284.22
21
   -29.55
31
   136.97
12
  -284.22
22
   -33.10
32
   136.97
13
  -269.12
23
   -33.10
33
   120.80
999
T10
0
3DFACE
8
RT1
10
  -269.12
20
   -29.55
30
   120.80
11
  -270.18
21
   -29.55
31
   119.80
12
  -285.29
22
   -29.55
32
   135.98
13
  -284.22
23
   -29.55
33
   136.97
999
T10
0
3DFACE
8
RT1
10
  -269.12
20
   -33.10
30
   120.80
11
  -284.22
21
   -33.10
31
   136.97
12
  -285.29
22
   -33.10
32
   135.98
13
  -270.18
23
   -33.10
33
   119.80
999
T10
0
3DFACE
8
RT1
10
  -286.13
20
   -29.55
30
   137.59
11
  -301.63
21
   -29.55
31
   131.46
12
  -301.63
22
   -33.10
32
   131.46
13
  -286.13
23
   -33.10
33
   137.59
999
T10
0
3DFACE
8
RT1
10
  -286.13
20
   -29.55
30
   137.59
11
  -285.60
21
   -29.55
31
   136.23
12
  -301.10
22
   -29.55
32
   130.11
13
  -301.63
23
   -29.55
33
   131.46
999
T10
0
3DFACE
8
RT1
10
  -286.13
20
   -33.10
30
   137.59
11
  -301.63
21
   -33.10
31
   131.46
12
  -301.10
22
   -33.10
32
   130.11
13
  -285.60
23
   -33.10
33
   136.23
999
T10
0
ENDSEC
0
EOF
